Date,GLD,SLV,PPLT,PALL,9081,DBB,ALUM
2012-02-13,2.0,5.0,3.0,1.0,7.0,4.0,6.0
2012-02-14,2.0,5.0,3.0,1.0,7.0,4.0,6.0
2012-02-15,2.0,5.0,3.0,1.0,7.0,4.0,6.0
2012-02-16,3.0,5.0,2.0,1.0,7.0,4.0,6.0
2012-02-17,3.0,5.0,2.0,1.0,7.0,4.0,6.0
2012-02-21,3.0,5.0,2.0,1.0,7.0,4.0,6.0
2012-02-22,3.0,4.0,1.5,1.5,7.0,5.0,6.0
2012-02-23,3.0,4.0,1.0,2.0,7.0,6.0,5.0
2012-02-24,3.0,4.0,1.0,2.0,7.0,6.0,5.0
2012-02-27,2.5,4.5,1.0,2.5,7.0,4.5,6.0
2012-02-28,2.0,4.5,1.0,3.0,7.0,4.5,6.0
2012-02-29,2.0,3.0,1.0,4.0,7.0,5.0,6.0
2012-03-01,2.0,3.0,1.0,4.0,7.0,5.0,6.0
2012-03-02,2.0,3.0,1.0,4.0,7.0,5.0,6.0
2012-03-05,2.0,3.0,1.0,4.0,7.0,5.0,6.0
2012-03-06,2.0,3.0,1.0,4.0,7.0,5.0,6.0
2012-03-07,2.0,3.0,1.0,4.0,7.0,6.0,5.0
2012-03-08,2.0,3.0,1.0,4.0,6.0,5.0,7.0
2012-03-09,2.0,3.0,1.0,4.0,7.0,5.0,6.0
2012-03-12,2.0,3.0,1.0,4.5,4.5,6.0,7.0
2012-03-13,1.5,3.0,1.5,4.5,4.5,6.0,7.0
2012-03-14,1.5,3.0,1.5,4.5,4.5,6.0,7.0
2012-03-15,1.0,3.5,2.0,3.5,5.0,6.0,7.0
2012-03-16,1.0,3.5,2.0,3.5,5.0,6.0,7.0
2012-03-19,1.0,3.5,2.0,3.5,5.0,6.0,7.0
2012-03-20,1.0,7.0,2.0,3.0,4.0,5.5,5.5
2012-03-21,1.0,7.0,2.0,3.0,4.0,5.5,5.5
2012-03-22,1.0,7.0,2.0,3.0,4.0,5.5,5.5
2012-03-23,1.0,7.0,2.0,3.0,4.0,5.5,5.5
2012-03-26,1.0,7.0,2.0,3.0,4.0,5.5,5.5
2012-03-27,1.0,3.5,2.0,3.5,5.0,7.0,6.0
2012-03-28,1.0,3.5,2.0,3.5,5.0,7.0,6.0
2012-03-29,1.0,3.5,2.0,3.5,5.0,7.0,6.0
2012-03-30,1.0,3.5,2.0,3.5,5.0,7.0,6.0
2012-04-02,1.0,3.5,2.0,3.5,5.0,7.0,6.0
2012-04-03,1.0,3.5,2.0,3.5,5.0,7.0,6.0
2012-04-04,1.0,3.5,2.0,3.5,5.0,7.0,6.0
2012-04-05,1.0,3.5,2.0,3.5,5.0,7.0,6.0
2012-04-09,1.0,3.5,2.0,3.5,5.0,7.0,6.0
2012-04-10,1.0,3.5,2.0,3.5,5.0,7.0,6.0
2012-04-11,1.0,4.5,2.0,4.5,7.0,6.0,3.0
2012-04-12,1.0,4.5,2.0,4.5,7.0,6.0,3.0
2012-04-13,1.0,5.0,2.0,4.0,7.0,6.0,3.0
2012-04-16,1.0,5.0,2.0,5.0,7.0,5.0,3.0
2012-04-17,1.0,5.5,2.0,3.5,7.0,5.5,3.5
2012-04-18,1.0,5.5,2.0,3.5,7.0,5.5,3.5
2012-04-19,1.0,3.0,2.0,4.5,7.0,6.0,4.5
2012-04-20,1.0,3.0,2.0,4.5,7.0,6.0,4.5
2012-04-23,1.0,3.0,2.0,4.5,7.0,6.0,4.5
2012-04-24,1.5,3.0,1.5,4.5,7.0,6.0,4.5
2012-04-25,1.5,3.0,1.5,4.5,7.0,6.0,4.5
2012-04-26,1.5,3.0,1.5,4.5,7.0,6.0,4.5
2012-04-27,2.0,3.0,1.0,4.5,7.0,6.0,4.5
2012-04-30,2.0,5.5,1.0,3.5,7.0,5.5,3.5
2012-05-01,2.0,5.5,1.0,3.5,7.0,5.5,3.5
2012-05-02,2.0,5.5,1.0,3.5,7.0,5.5,3.5
2012-05-03,2.0,5.5,1.0,3.5,7.0,5.5,3.5
2012-05-04,2.0,5.5,1.0,3.5,7.0,5.5,3.5
2012-05-07,2.0,5.5,1.0,3.5,7.0,5.5,3.5
2012-05-08,2.0,5.5,1.0,3.5,7.0,5.5,3.5
2012-05-09,2.0,5.5,1.0,3.5,7.0,5.5,3.5
2012-05-10,2.0,5.5,1.0,3.5,7.0,5.5,3.5
2012-05-11,2.0,5.5,1.0,3.5,7.0,5.5,3.5
2012-05-14,2.0,5.5,1.0,3.5,7.0,5.5,3.5
2012-05-15,2.0,5.5,1.0,3.5,7.0,5.5,3.5
2012-05-16,2.0,5.5,1.0,3.5,7.0,5.5,3.5
2012-05-17,2.0,5.0,1.0,3.0,7.0,5.0,5.0
2012-05-18,2.0,5.0,1.0,3.0,7.0,5.0,5.0
2012-05-21,2.0,6.0,1.0,3.0,7.0,4.5,4.5
2012-05-22,2.0,6.0,1.0,3.0,7.0,4.5,4.5
2012-05-23,2.0,5.0,1.0,3.0,7.0,5.0,5.0
2012-05-24,2.0,6.0,1.0,3.0,7.0,4.5,4.5
2012-05-25,2.0,5.0,1.0,3.0,7.0,5.0,5.0
2012-05-29,2.0,5.0,1.0,3.0,7.0,5.0,5.0
2012-05-30,2.0,5.5,1.0,3.5,7.0,5.5,3.5
2012-05-31,2.0,5.5,1.0,3.5,7.0,5.5,3.5
2012-06-01,2.0,5.5,1.0,3.5,7.0,5.5,3.5
2012-06-04,2.0,5.5,1.0,3.5,7.0,5.5,3.5
2012-06-05,2.0,5.5,1.0,3.5,7.0,5.5,3.5
2012-06-06,2.0,5.5,1.0,3.5,7.0,5.5,3.5
2012-06-07,2.0,5.5,1.0,3.5,7.0,5.5,3.5
2012-06-08,2.0,5.5,1.0,3.5,7.0,5.5,3.5
2012-06-11,2.0,5.5,1.0,3.5,7.0,5.5,3.5
2012-06-12,2.0,5.5,1.0,3.5,7.0,5.5,3.5
2012-06-13,1.5,3.0,1.5,4.5,7.0,6.0,4.5
2012-06-14,1.5,3.0,1.5,4.5,7.0,6.0,4.5
2012-06-15,1.5,3.0,1.5,4.5,7.0,6.0,4.5
2012-06-18,1.5,3.0,1.5,4.5,7.0,6.0,4.5
2012-06-19,1.5,3.0,1.5,4.5,7.0,6.0,4.5
2012-06-20,1.5,3.0,1.5,4.5,7.0,6.0,4.5
2012-06-21,1.5,3.0,1.5,4.5,7.0,6.0,4.5
2012-06-22,1.5,3.0,1.5,4.5,7.0,6.0,4.5
2012-06-25,1.5,3.0,1.5,4.5,7.0,6.0,4.5
2012-06-26,1.5,3.0,1.5,4.5,7.0,6.0,4.5
2012-06-27,1.5,3.0,1.5,4.5,7.0,6.0,4.5
2012-06-28,1.5,3.0,1.5,4.5,7.0,6.0,4.5
2012-06-29,1.5,5.5,1.5,3.5,7.0,5.5,3.5
2012-07-02,1.5,5.5,1.5,3.5,7.0,5.5,3.5
2012-07-03,1.5,5.5,1.5,3.5,7.0,5.5,3.5
2012-07-05,1.5,5.5,1.5,3.5,7.0,5.5,3.5
2012-07-06,1.5,5.5,1.5,3.5,7.0,5.5,3.5
2012-07-09,1.5,5.5,1.5,3.5,7.0,5.5,3.5
2012-07-10,1.5,5.5,1.5,3.5,7.0,5.5,3.5
2012-07-11,1.5,5.5,1.5,3.5,7.0,5.5,3.5
2012-07-12,1.5,5.5,1.5,3.5,7.0,5.5,3.5
2012-07-13,1.5,5.5,1.5,3.5,7.0,5.5,3.5
2012-07-16,1.5,5.5,1.5,3.5,7.0,5.5,3.5
2012-07-17,1.5,5.5,1.5,3.5,7.0,5.5,3.5
2012-07-18,1.5,5.5,1.5,3.5,7.0,5.5,3.5
2012-07-19,1.0,5.5,2.0,3.5,7.0,5.5,3.5
2012-07-20,1.0,6.0,2.0,3.0,7.0,5.0,4.0
2012-07-23,1.0,4.0,2.0,6.0,7.0,4.0,4.0
2012-07-24,1.0,3.0,2.0,5.0,4.0,6.0,7.0
2012-07-25,1.0,3.0,2.0,5.0,4.0,6.0,7.0
2012-07-26,1.0,3.5,2.0,5.0,7.0,6.0,3.5
2012-07-27,1.0,3.0,2.0,4.5,7.0,6.0,4.5
2012-07-30,1.0,3.0,2.0,4.5,7.0,6.0,4.5
2012-07-31,1.0,4.0,2.0,3.0,7.0,6.0,5.0
2012-08-01,1.0,4.0,2.0,3.0,7.0,6.0,5.0
2012-08-02,2.0,4.0,3.0,1.0,7.0,5.0,6.0
2012-08-03,3.0,5.5,2.0,1.0,7.0,4.0,5.5
2012-08-06,4.0,6.0,1.5,3.0,1.5,5.0,7.0
2012-08-07,4.0,6.0,1.5,3.0,1.5,5.0,7.0
2012-08-08,4.0,6.0,1.5,3.0,1.5,5.0,7.0
2012-08-09,4.0,6.0,1.5,3.0,1.5,5.0,7.0
2012-08-10,4.0,6.0,1.5,3.0,1.5,5.0,7.0
2012-08-13,4.0,6.0,1.5,3.0,1.5,5.0,7.0
2012-08-14,4.0,6.0,1.0,3.0,2.0,5.0,7.0
2012-08-15,4.0,7.0,1.0,3.0,2.0,5.0,6.0
2012-08-16,4.0,7.0,1.0,3.0,2.0,5.0,6.0
2012-08-17,4.0,7.0,1.0,3.0,2.0,5.0,6.0
2012-08-20,4.0,7.0,1.0,3.0,2.0,5.0,6.0
2012-08-21,4.0,6.0,1.0,3.0,2.0,5.0,7.0
2012-08-22,4.0,6.0,1.0,3.0,2.0,5.0,7.0
2012-08-23,4.0,6.0,1.0,3.0,2.0,5.0,7.0
2012-08-24,1.5,6.0,3.0,4.0,1.5,5.0,7.0
2012-08-27,1.5,6.0,3.0,4.0,1.5,5.0,7.0
2012-08-28,1.5,6.0,3.0,4.0,1.5,5.0,7.0
2012-08-29,2.5,5.0,1.0,4.0,2.5,6.5,6.5
2012-08-30,2.5,5.0,1.0,4.0,2.5,6.5,6.5
2012-08-31,2.5,5.0,1.0,4.0,2.5,6.5,6.5
2012-09-04,1.5,4.5,3.0,4.5,1.5,6.5,6.5
2012-09-05,1.5,4.5,3.0,4.5,1.5,6.5,6.5
2012-09-06,1.5,4.5,3.0,4.5,1.5,6.5,6.5
2012-09-07,1.5,4.5,3.0,4.5,1.5,6.5,6.5
2012-09-10,1.5,4.5,3.0,4.5,1.5,6.5,6.5
2012-09-11,2.0,4.0,3.0,1.0,5.0,6.5,6.5
2012-09-12,3.0,4.0,1.5,1.5,7.0,5.5,5.5
2012-09-13,3.0,4.0,1.5,1.5,7.0,5.0,6.0
2012-09-14,2.0,4.0,3.0,1.0,7.0,6.0,5.0
2012-09-17,1.5,4.0,3.0,1.5,7.0,6.0,5.0
2012-09-18,1.5,4.0,3.0,1.5,7.0,6.0,5.0
2012-09-19,1.5,4.0,3.0,1.5,7.0,6.0,5.0
2012-09-20,1.5,3.5,3.5,1.5,7.0,5.5,5.5
2012-09-21,1.5,3.5,3.5,1.5,7.0,5.5,5.5
2012-09-24,1.5,4.0,3.0,1.5,7.0,6.0,5.0
2012-09-25,1.5,4.0,3.0,1.5,7.0,6.0,5.0
2012-09-26,1.5,4.0,3.0,1.5,7.0,6.0,5.0
2012-09-27,2.0,4.0,2.0,2.0,7.0,5.0,6.0
2012-09-28,1.5,4.5,3.0,1.5,7.0,4.5,6.0
2012-10-01,1.5,4.5,3.0,1.5,7.0,4.5,6.0
2012-10-02,1.5,6.0,3.0,1.5,7.0,4.0,5.0
2012-10-03,1.5,5.5,3.5,1.5,7.0,3.5,5.5
2012-10-04,1.5,5.5,3.5,1.5,7.0,3.5,5.5
2012-10-05,1.5,5.5,3.5,1.5,7.0,3.5,5.5
2012-10-08,1.5,5.5,3.5,1.5,7.0,3.5,5.5
2012-10-09,1.5,5.5,3.5,1.5,7.0,3.5,5.5
2012-10-10,1.5,5.5,3.5,1.5,7.0,3.5,5.5
2012-10-11,1.5,5.5,3.5,1.5,7.0,3.5,5.5
2012-10-12,1.5,5.5,3.5,1.5,7.0,3.5,5.5
2012-10-15,2.0,5.0,3.0,1.0,7.0,5.0,5.0
2012-10-16,2.0,5.0,3.0,1.0,7.0,5.0,5.0
2012-10-17,2.0,5.0,3.0,1.0,7.0,5.0,5.0
2012-10-18,2.0,5.0,3.0,1.0,7.0,5.0,5.0
2012-10-19,2.0,4.5,3.0,1.0,7.0,4.5,6.0
2012-10-22,1.5,5.0,4.0,3.0,7.0,1.5,6.0
2012-10-23,1.5,5.0,4.0,3.0,7.0,1.5,6.0
2012-10-24,1.5,5.0,4.0,3.0,7.0,1.5,6.0
2012-10-25,1.5,5.0,4.0,3.0,7.0,1.5,6.0
2012-10-26,1.5,5.0,4.0,3.0,7.0,1.5,6.0
2012-10-29,1.5,5.0,4.0,3.0,7.0,1.5,6.0
2012-10-30,1.5,5.0,4.0,3.0,7.0,1.5,6.0
2012-10-31,1.5,5.0,4.0,3.0,7.0,1.5,6.0
2012-11-01,1.5,5.0,4.0,3.0,7.0,1.5,6.0
2012-11-02,1.5,5.0,4.0,3.0,7.0,1.5,6.0
2012-11-05,1.5,5.0,4.0,3.0,7.0,1.5,6.0
2012-11-06,1.5,5.0,4.0,3.0,7.0,1.5,6.0
2012-11-07,1.5,5.0,4.0,3.0,7.0,1.5,6.0
2012-11-08,1.5,5.0,4.0,3.0,7.0,1.5,6.0
2012-11-09,1.5,5.0,4.0,3.0,7.0,1.5,6.0
2012-11-12,1.5,5.0,4.0,3.0,7.0,1.5,6.0
2012-11-13,1.5,5.0,4.0,3.0,7.0,1.5,6.0
2012-11-14,1.5,5.0,4.0,3.0,7.0,1.5,6.0
2012-11-15,1.5,5.0,4.0,3.0,7.0,1.5,6.0
2012-11-16,1.5,5.0,4.0,3.0,7.0,1.5,6.0
2012-11-19,1.5,5.5,3.5,5.5,7.0,1.5,3.5
2012-11-20,1.5,5.5,3.5,5.5,7.0,1.5,3.5
2012-11-21,1.5,5.5,3.5,5.5,7.0,1.5,3.5
2012-11-23,1.5,6.0,4.5,3.0,7.0,1.5,4.5
2012-11-26,1.5,6.0,4.5,3.0,7.0,1.5,4.5
2012-11-27,1.5,6.0,4.5,3.0,7.0,1.5,4.5
2012-11-28,2.0,6.0,4.0,3.0,7.0,1.0,5.0
2012-11-29,2.0,5.0,3.0,5.0,7.0,1.0,5.0
2012-11-30,2.0,5.0,3.0,5.0,7.0,1.0,5.0
2012-12-03,2.0,5.0,3.0,5.0,7.0,1.0,5.0
2012-12-04,2.0,5.0,3.0,5.0,7.0,1.0,5.0
2012-12-05,2.0,5.0,3.0,5.0,7.0,1.0,5.0
2012-12-06,2.0,5.0,3.0,5.0,7.0,1.0,5.0
2012-12-07,2.0,5.0,3.0,5.0,7.0,1.0,5.0
2012-12-10,1.5,5.5,3.5,5.5,7.0,3.5,1.5
2012-12-11,1.5,5.5,3.5,5.5,7.0,3.5,1.5
2012-12-12,4.5,4.5,1.0,4.5,7.0,4.5,2.0
2012-12-13,3.0,6.0,1.0,4.5,7.0,4.5,2.0
2012-12-14,7.0,6.0,4.0,4.0,1.5,4.0,1.5
2012-12-17,7.0,6.0,4.0,4.0,1.5,4.0,1.5
2012-12-18,7.0,6.0,4.0,4.0,1.5,4.0,1.5
2012-12-19,7.0,6.0,4.0,4.0,1.5,4.0,1.5
2012-12-20,7.0,6.0,4.0,4.0,1.5,4.0,1.5
2012-12-21,7.0,6.0,4.0,4.0,1.5,4.0,1.5
2012-12-24,7.0,6.0,4.0,4.0,1.5,4.0,1.5
2012-12-26,7.0,6.0,4.0,4.0,1.5,4.0,1.5
2012-12-27,7.0,6.0,4.0,4.0,1.5,4.0,1.5
2012-12-28,7.0,6.0,4.0,4.0,1.5,4.0,1.5
2012-12-31,7.0,6.0,4.0,4.0,1.5,4.0,1.5
2013-01-02,7.0,6.0,4.0,4.0,1.5,4.0,1.5
2013-01-03,7.0,6.0,4.0,4.0,1.5,4.0,1.5
2013-01-04,7.0,5.5,3.5,5.5,1.5,3.5,1.5
2013-01-07,7.0,5.5,3.5,5.5,1.5,3.5,1.5
2013-01-08,7.0,5.5,3.5,5.5,1.5,3.5,1.5
2013-01-09,7.0,5.5,3.5,5.5,1.5,3.5,1.5
2013-01-10,7.0,5.5,3.5,5.5,1.5,3.5,1.5
2013-01-11,7.0,5.5,3.5,5.5,1.5,3.5,1.5
2013-01-14,7.0,5.5,1.0,5.5,4.0,3.0,2.0
2013-01-15,7.0,5.5,3.5,5.5,1.5,3.5,1.5
2013-01-16,7.0,5.5,3.5,5.5,1.5,3.5,1.5
2013-01-17,7.0,5.5,3.5,5.5,1.5,3.5,1.5
2013-01-18,7.0,5.5,3.5,5.5,1.5,3.5,1.5
2013-01-22,7.0,5.5,3.5,5.5,1.5,3.5,1.5
2013-01-23,7.0,5.5,3.5,5.5,1.5,3.5,1.5
2013-01-24,7.0,5.5,3.5,5.5,1.5,3.5,1.5
2013-01-25,7.0,5.5,3.5,5.5,1.5,3.5,1.5
2013-01-28,7.0,5.5,3.5,5.5,1.5,3.5,1.5
2013-01-29,7.0,5.5,3.5,5.5,1.5,3.5,1.5
2013-01-30,7.0,5.5,3.5,5.5,1.5,3.5,1.5
2013-01-31,7.0,5.5,3.5,5.5,1.5,3.5,1.5
2013-02-01,7.0,5.5,3.5,5.5,1.5,3.5,1.5
2013-02-04,7.0,5.5,3.5,5.5,1.5,3.5,1.5
2013-02-05,7.0,5.5,3.5,5.5,1.5,3.5,1.5
2013-02-06,7.0,5.5,3.5,5.5,1.5,3.5,1.5
2013-02-07,7.0,5.5,3.5,5.5,1.5,3.5,1.5
2013-02-08,7.0,5.5,3.5,5.5,1.5,3.5,1.5
2013-02-11,7.0,5.5,3.5,5.5,1.5,3.5,1.5
2013-02-12,7.0,5.5,3.5,5.5,1.5,3.5,1.5
2013-02-13,7.0,4.0,4.0,6.0,1.5,4.0,1.5
2013-02-14,7.0,4.5,4.5,6.0,1.5,3.0,1.5
2013-02-15,7.0,4.5,4.5,6.0,1.5,3.0,1.5
2013-02-19,7.0,6.0,4.0,5.0,1.5,3.0,1.5
2013-02-20,3.5,7.0,3.5,5.5,1.5,5.5,1.5
2013-02-21,3.5,7.0,3.5,5.5,1.5,5.5,1.5
2013-02-22,5.0,7.0,3.5,6.0,2.0,3.5,1.0
2013-02-25,5.0,7.0,3.5,6.0,2.0,3.5,1.0
2013-02-26,1.5,7.0,4.0,6.0,1.5,4.0,4.0
2013-02-27,1.5,5.5,3.5,5.5,1.5,7.0,3.5
2013-02-28,1.5,5.5,3.5,5.5,1.5,7.0,3.5
2013-03-01,1.5,5.5,3.5,5.5,1.5,7.0,3.5
2013-03-04,1.5,5.5,3.5,5.5,1.5,7.0,3.5
2013-03-05,1.5,5.5,3.5,5.5,1.5,7.0,3.5
2013-03-06,1.5,5.5,3.5,5.5,1.5,7.0,3.5
2013-03-07,1.5,5.5,3.5,5.5,1.5,7.0,3.5
2013-03-08,1.5,5.5,3.5,5.5,1.5,7.0,3.5
2013-03-11,1.5,5.0,7.0,3.0,1.5,6.0,4.0
2013-03-12,1.5,7.0,5.0,4.0,1.5,6.0,3.0
2013-03-13,1.5,7.0,5.0,4.0,1.5,6.0,3.0
2013-03-14,1.5,3.5,5.5,3.5,1.5,7.0,5.5
2013-03-15,1.5,3.5,5.5,3.5,1.5,7.0,5.5
2013-03-18,1.5,3.5,5.5,3.5,1.5,7.0,5.5
2013-03-19,1.5,3.5,5.5,3.5,1.5,7.0,5.5
2013-03-20,1.5,3.5,5.5,3.5,1.5,7.0,5.5
2013-03-21,1.5,3.5,5.5,3.5,1.5,7.0,5.5
2013-03-22,1.5,3.5,5.5,3.5,1.5,7.0,5.5
2013-03-25,1.5,3.5,5.5,3.5,1.5,7.0,5.5
2013-03-26,2.0,4.5,6.0,1.0,7.0,3.0,4.5
2013-03-27,1.5,5.0,6.0,1.5,7.0,3.0,4.0
2013-03-28,1.5,5.0,6.0,1.5,7.0,3.0,4.0
2013-04-01,1.5,5.0,6.0,1.5,7.0,3.0,4.0
2013-04-02,1.5,3.5,6.0,1.5,7.0,3.5,5.0
2013-04-03,1.5,3.5,6.0,1.5,7.0,3.5,5.0
2013-04-04,1.5,3.0,6.0,1.5,7.0,5.0,4.0
2013-04-05,1.5,3.0,6.0,1.5,7.0,4.0,5.0
2013-04-08,1.5,3.0,6.0,1.5,7.0,4.0,5.0
2013-04-09,1.5,3.0,6.0,1.5,7.0,4.0,5.0
2013-04-10,1.5,5.5,3.5,1.5,7.0,3.5,5.5
2013-04-11,1.5,5.5,3.5,1.5,7.0,3.5,5.5
2013-04-12,1.5,5.5,3.5,1.5,7.0,3.5,5.5
2013-04-15,1.5,5.5,3.5,1.5,7.0,3.5,5.5
2013-04-16,1.5,5.5,3.5,1.5,7.0,3.5,5.5
2013-04-17,1.5,5.5,3.5,1.5,7.0,3.5,5.5
2013-04-18,1.0,5.5,3.5,2.0,7.0,5.5,3.5
2013-04-19,1.0,6.0,3.0,2.0,7.0,5.0,4.0
2013-04-22,1.0,7.0,5.5,2.0,4.0,5.5,3.0
2013-04-23,3.5,7.0,5.5,1.5,1.5,5.5,3.5
2013-04-24,3.0,7.0,5.5,4.0,2.0,5.5,1.0
2013-04-25,4.0,6.0,5.0,7.0,2.0,3.0,1.0
2013-04-26,4.0,6.0,5.0,7.0,2.0,3.0,1.0
2013-04-29,4.0,6.0,5.0,7.0,2.0,3.0,1.0
2013-04-30,4.0,6.0,5.0,7.0,2.0,3.0,1.0
2013-05-01,4.0,6.0,5.0,7.0,2.0,3.0,1.0
2013-05-02,4.0,6.0,5.0,7.0,2.0,3.0,1.0
2013-05-03,4.0,6.0,5.0,7.0,2.0,3.0,1.0
2013-05-06,4.0,6.0,5.0,7.0,2.0,3.0,1.0
2013-05-07,4.0,6.0,5.0,7.0,2.0,3.0,1.0
2013-05-08,3.5,5.0,6.5,6.5,1.5,3.5,1.5
2013-05-09,3.5,5.0,6.5,6.5,1.5,3.5,1.5
2013-05-10,3.5,5.0,6.5,6.5,1.5,3.5,1.5
2013-05-13,3.5,5.0,6.5,6.5,1.5,3.5,1.5
2013-05-14,3.5,5.0,6.5,6.5,1.5,3.5,1.5
2013-05-15,3.5,5.0,6.5,6.5,1.5,3.5,1.5
2013-05-16,3.5,5.0,6.5,6.5,1.5,3.5,1.5
2013-05-17,3.5,5.0,6.5,6.5,1.5,3.5,1.5
2013-05-20,3.5,5.0,6.5,6.5,1.5,3.5,1.5
2013-05-21,3.5,5.0,6.5,6.5,1.5,3.5,1.5
2013-05-22,3.5,5.0,6.5,6.5,1.5,3.5,1.5
2013-05-23,3.0,6.0,7.0,5.0,1.5,4.0,1.5
2013-05-24,3.0,6.0,7.0,5.0,1.5,4.0,1.5
2013-05-28,3.0,6.0,7.0,5.0,1.5,4.0,1.5
2013-05-29,3.0,6.0,7.0,5.0,1.5,4.0,1.5
2013-05-30,3.0,6.0,7.0,5.0,1.5,4.0,1.5
2013-05-31,3.0,6.0,7.0,5.0,1.5,4.0,1.5
2013-06-03,3.0,6.0,7.0,5.0,1.5,4.0,1.5
2013-06-04,3.0,6.0,7.0,5.0,1.5,4.0,1.5
2013-06-05,3.0,6.0,7.0,5.0,1.5,4.0,1.5
2013-06-06,3.0,6.0,7.0,5.0,1.5,4.0,1.5
2013-06-07,3.0,6.0,7.0,5.0,1.5,4.0,1.5
2013-06-10,3.0,6.0,7.0,5.0,1.5,4.0,1.5
2013-06-11,3.0,6.0,7.0,5.0,1.5,4.0,1.5
2013-06-12,3.0,6.0,7.0,5.0,1.5,4.0,1.5
2013-06-13,3.0,4.5,6.0,7.0,1.5,4.5,1.5
2013-06-14,3.0,4.5,6.0,7.0,1.5,4.5,1.5
2013-06-17,3.0,4.5,6.0,7.0,1.5,4.5,1.5
2013-06-18,3.0,4.5,6.0,7.0,1.5,4.5,1.5
2013-06-19,3.0,4.5,6.0,7.0,1.5,4.5,1.5
2013-06-20,3.0,4.5,6.0,7.0,1.5,4.5,1.5
2013-06-21,3.0,4.5,6.0,7.0,1.5,4.5,1.5
2013-06-24,3.0,4.5,6.0,7.0,1.5,4.5,1.5
2013-06-25,3.0,4.5,6.0,7.0,1.5,4.5,1.5
2013-06-26,3.0,4.5,6.0,7.0,1.5,4.5,1.5
2013-06-27,3.0,4.5,6.0,7.0,1.5,4.5,1.5
2013-06-28,3.0,4.5,6.0,7.0,1.5,4.5,1.5
2013-07-01,3.0,4.5,6.0,7.0,1.5,4.5,1.5
2013-07-02,3.0,4.5,6.0,7.0,1.5,4.5,1.5
2013-07-03,3.0,4.5,6.0,7.0,1.5,4.5,1.5
2013-07-05,3.0,4.5,6.0,7.0,1.5,4.5,1.5
2013-07-08,3.0,4.5,6.0,7.0,1.5,4.5,1.5
2013-07-09,3.0,4.5,6.0,7.0,1.5,4.5,1.5
2013-07-10,3.0,4.5,6.0,7.0,1.5,4.5,1.5
2013-07-11,3.0,4.5,6.0,7.0,1.5,4.5,1.5
2013-07-12,3.0,4.5,6.0,7.0,1.5,4.5,1.5
2013-07-15,3.0,4.5,6.0,7.0,1.5,4.5,1.5
2013-07-16,3.0,4.5,6.0,7.0,1.5,4.5,1.5
2013-07-17,3.0,4.5,6.0,7.0,1.5,4.5,1.5
2013-07-18,3.0,4.5,6.0,7.0,1.5,4.5,1.5
2013-07-19,3.0,4.5,6.0,7.0,1.5,4.5,1.5
2013-07-22,3.0,4.5,6.0,7.0,1.5,4.5,1.5
2013-07-23,3.0,4.5,6.0,7.0,1.5,4.5,1.5
2013-07-24,3.0,4.5,6.0,7.0,1.5,4.5,1.5
2013-07-25,3.0,4.5,6.0,7.0,1.5,4.5,1.5
2013-07-26,3.0,4.5,6.0,7.0,1.5,4.5,1.5
2013-07-29,3.0,4.5,6.0,7.0,1.5,4.5,1.5
2013-07-30,3.0,4.5,6.0,7.0,1.5,4.5,1.5
2013-07-31,3.0,4.5,6.0,7.0,1.5,4.5,1.5
2013-08-01,3.0,4.5,6.0,7.0,1.5,4.5,1.5
2013-08-02,3.0,4.5,6.0,7.0,1.5,4.5,1.5
2013-08-05,3.0,4.5,6.0,7.0,1.5,4.5,1.5
2013-08-06,3.0,4.5,6.0,7.0,1.5,4.5,1.5
2013-08-07,3.0,5.0,6.0,7.0,1.5,4.0,1.5
2013-08-08,3.0,5.0,6.0,7.0,1.5,4.0,1.5
2013-08-09,3.0,5.0,6.0,7.0,1.5,4.0,1.5
2013-08-12,3.0,5.5,5.5,7.0,1.5,4.0,1.5
2013-08-13,3.0,5.5,5.5,7.0,1.5,4.0,1.5
2013-08-14,3.0,5.5,5.5,7.0,1.5,4.0,1.5
2013-08-15,3.0,5.5,5.5,7.0,1.5,4.0,1.5
2013-08-16,3.0,5.5,5.5,7.0,1.5,4.0,1.5
2013-08-19,1.0,6.0,4.0,7.0,2.5,5.0,2.5
2013-08-20,1.0,3.0,4.0,6.5,2.0,6.5,5.0
2013-08-21,1.0,3.0,4.0,6.5,2.0,6.5,5.0
2013-08-22,1.0,3.0,4.0,6.5,2.0,6.5,5.0
2013-08-23,1.0,3.0,4.0,6.5,2.0,6.5,5.0
2013-08-26,1.0,3.0,4.0,6.0,2.0,5.0,7.0
2013-08-27,1.0,4.0,3.0,5.5,2.0,5.5,7.0
2013-08-28,1.0,3.0,4.0,5.0,2.0,6.0,7.0
2013-08-29,1.0,3.0,4.0,5.0,2.0,6.0,7.0
2013-08-30,1.0,4.0,3.0,5.0,2.0,6.0,7.0
2013-09-03,1.0,5.0,3.0,4.0,2.0,6.0,7.0
2013-09-04,1.0,5.0,3.0,4.0,2.0,6.0,7.0
2013-09-05,1.0,5.0,3.0,4.0,2.0,6.0,7.0
2013-09-06,1.0,5.0,3.0,4.0,2.0,6.0,7.0
2013-09-09,1.0,5.0,3.0,4.0,2.0,6.0,7.0
2013-09-10,1.0,5.0,3.0,4.0,2.0,6.0,7.0
2013-09-11,1.0,6.0,3.0,4.0,2.0,5.0,7.0
2013-09-12,1.0,6.0,3.0,4.0,2.0,5.0,7.0
2013-09-13,1.0,6.0,2.0,4.0,3.0,5.0,7.0
2013-09-16,1.5,6.0,1.5,4.0,3.0,5.0,7.0
2013-09-17,1.5,6.0,1.5,4.0,3.0,5.0,7.0
2013-09-18,1.5,6.0,1.5,4.0,3.0,5.0,7.0
2013-09-19,2.5,6.0,1.0,4.0,2.5,5.0,7.0
2013-09-20,2.5,6.0,1.0,4.0,2.5,5.0,7.0
2013-09-23,1.5,6.0,3.0,4.5,1.5,4.5,7.0
2013-09-24,1.5,6.0,3.0,4.5,1.5,4.5,7.0
2013-09-25,1.5,6.0,3.0,4.5,1.5,4.5,7.0
2013-09-26,1.5,6.0,3.0,4.5,1.5,4.5,7.0
2013-09-27,1.5,6.0,3.0,4.5,1.5,4.5,7.0
2013-09-30,2.5,6.0,1.0,4.0,2.5,5.0,7.0
2013-10-01,2.5,6.0,1.0,4.0,2.5,5.0,7.0
2013-10-02,2.5,6.0,1.0,4.0,2.5,5.0,7.0
2013-10-03,1.5,4.5,3.0,4.5,1.5,6.0,7.0
2013-10-04,1.5,4.5,3.0,4.5,1.5,6.0,7.0
2013-10-07,1.5,4.5,3.0,4.5,1.5,6.0,7.0
2013-10-08,1.5,4.5,3.0,4.5,1.5,6.0,7.0
2013-10-09,1.5,4.5,3.0,4.5,1.5,6.0,7.0
2013-10-10,1.5,4.5,3.0,4.5,1.5,6.0,7.0
2013-10-11,1.5,4.5,3.0,4.5,1.5,6.0,7.0
2013-10-14,1.5,4.5,3.0,4.5,1.5,6.0,7.0
2013-10-15,1.5,4.5,3.0,4.5,1.5,6.0,7.0
2013-10-16,1.5,4.5,3.0,4.5,1.5,6.0,7.0
2013-10-17,1.5,4.5,3.0,4.5,1.5,6.0,7.0
2013-10-18,1.5,4.5,3.0,4.5,1.5,6.0,7.0
2013-10-21,1.5,4.5,3.0,4.5,1.5,6.0,7.0
2013-10-22,1.5,4.5,3.0,4.5,1.5,6.5,6.5
2013-10-23,1.5,4.5,3.0,4.5,1.5,6.5,6.5
2013-10-24,1.5,4.5,3.0,4.5,1.5,6.5,6.5
2013-10-25,1.5,3.5,5.5,3.5,1.5,7.0,5.5
2013-10-28,1.5,3.5,5.5,3.5,1.5,7.0,5.5
2013-10-29,1.5,3.5,5.5,3.5,1.5,7.0,5.5
2013-10-30,1.5,7.0,3.0,4.0,1.5,6.0,5.0
2013-10-31,1.5,7.0,3.0,4.0,1.5,6.0,5.0
2013-11-01,1.5,7.0,3.0,4.0,1.5,6.0,5.0
2013-11-04,1.5,7.0,3.0,4.0,1.5,6.0,5.0
2013-11-05,2.0,5.5,3.0,4.0,1.0,7.0,5.5
2013-11-06,2.0,7.0,4.0,3.0,1.0,6.0,5.0
2013-11-07,2.5,7.0,4.0,2.5,1.0,6.0,5.0
2013-11-08,2.5,7.0,4.0,2.5,1.0,6.0,5.0
2013-11-11,2.5,7.0,4.0,2.5,1.0,6.0,5.0
2013-11-12,2.5,6.5,4.5,2.5,1.0,6.5,4.5
2013-11-13,3.0,6.5,4.5,2.0,1.0,6.5,4.5
2013-11-14,4.0,7.0,5.5,2.0,1.0,5.5,3.0
2013-11-15,3.5,7.0,5.5,1.5,1.5,5.5,3.5
2013-11-18,3.5,7.0,5.5,1.5,1.5,5.5,3.5
2013-11-19,3.5,7.0,5.5,1.5,1.5,5.5,3.5
2013-11-20,3.5,7.0,5.5,1.5,1.5,5.5,3.5
2013-11-21,3.5,7.0,5.5,1.5,1.5,5.5,3.5
2013-11-22,3.5,7.0,5.5,1.5,1.5,5.5,3.5
2013-11-25,3.5,7.0,5.5,1.5,1.5,5.5,3.5
2013-11-26,3.5,7.0,5.5,1.5,1.5,5.5,3.5
2013-11-27,3.5,7.0,5.5,1.5,1.5,5.5,3.5
2013-11-29,3.5,7.0,5.5,1.5,1.5,5.5,3.5
2013-12-02,3.5,7.0,5.5,1.5,1.5,5.5,3.5
2013-12-03,3.5,7.0,5.5,1.5,1.5,5.5,3.5
2013-12-04,3.5,7.0,5.5,1.5,1.5,5.5,3.5
2013-12-05,3.5,7.0,5.5,1.5,1.5,5.5,3.5
2013-12-06,3.5,7.0,5.5,1.5,1.5,5.5,3.5
2013-12-09,3.5,7.0,5.5,1.5,1.5,5.5,3.5
2013-12-10,3.5,7.0,5.5,1.5,1.5,5.5,3.5
2013-12-11,3.5,7.0,5.5,1.5,1.5,5.5,3.5
2013-12-12,3.5,7.0,5.5,1.5,1.5,5.5,3.5
2013-12-13,3.0,7.0,5.5,4.0,2.0,5.5,1.0
2013-12-16,3.0,7.0,5.5,4.0,2.0,5.5,1.0
2013-12-17,3.5,7.0,5.5,3.5,1.5,5.5,1.5
2013-12-18,3.5,7.0,5.5,3.5,1.5,5.5,1.5
2013-12-19,3.5,7.0,5.5,3.5,1.5,5.5,1.5
2013-12-20,3.5,7.0,5.5,3.5,1.5,5.5,1.5
2013-12-23,3.5,7.0,5.5,3.5,1.5,5.5,1.5
2013-12-24,3.5,7.0,5.5,3.5,1.5,5.5,1.5
2013-12-26,3.5,7.0,5.5,3.5,1.5,5.5,1.5
2013-12-27,3.5,7.0,5.5,3.5,1.5,5.5,1.5
2013-12-30,3.5,7.0,5.5,3.5,1.5,5.5,1.5
2013-12-31,3.5,7.0,5.5,3.5,1.5,5.5,1.5
2014-01-02,3.5,7.0,5.5,3.5,1.5,5.5,1.5
2014-01-03,3.5,7.0,5.5,3.5,1.5,5.5,1.5
2014-01-06,4.0,6.0,5.0,7.0,1.5,3.0,1.5
2014-01-07,4.0,6.0,5.0,7.0,1.5,3.0,1.5
2014-01-08,3.5,7.0,5.5,5.5,1.5,3.5,1.5
2014-01-09,3.5,7.0,5.5,5.5,1.5,3.5,1.5
2014-01-10,3.5,7.0,5.5,5.5,1.5,3.5,1.5
2014-01-13,3.5,7.0,5.5,5.5,1.5,3.5,1.5
2014-01-14,3.5,7.0,5.5,5.5,1.5,3.5,1.5
2014-01-15,3.5,7.0,5.5,5.5,1.5,3.5,1.5
2014-01-16,3.5,7.0,5.5,5.5,1.5,3.5,1.5
2014-01-17,3.5,7.0,5.5,5.5,1.5,3.5,1.5
2014-01-21,3.5,7.0,5.5,5.5,1.5,3.5,1.5
2014-01-22,3.5,7.0,5.5,5.5,1.5,3.5,1.5
2014-01-23,3.5,7.0,5.5,5.5,1.5,3.5,1.5
2014-01-24,3.5,7.0,5.5,5.5,1.5,3.5,1.5
2014-01-27,3.5,7.0,5.5,5.5,1.5,3.5,1.5
2014-01-28,3.5,7.0,5.5,5.5,1.5,3.5,1.5
2014-01-29,3.5,7.0,5.5,5.5,1.5,3.5,1.5
2014-01-30,3.5,7.0,5.5,5.5,1.5,3.5,1.5
2014-01-31,3.5,7.0,5.5,5.5,1.5,3.5,1.5
2014-02-03,3.5,7.0,5.5,5.5,1.5,3.5,1.5
2014-02-04,3.5,7.0,5.5,5.5,1.5,3.5,1.5
2014-02-05,3.5,7.0,5.5,5.5,1.5,3.5,1.5
2014-02-06,3.5,7.0,5.5,5.5,1.5,3.5,1.5
2014-02-07,3.5,7.0,5.5,5.5,1.5,3.5,1.5
2014-02-10,3.5,7.0,5.5,5.5,1.5,3.5,1.5
2014-02-11,3.5,7.0,5.5,5.5,1.5,3.5,1.5
2014-02-12,3.5,7.0,5.5,5.5,1.5,3.5,1.5
2014-02-13,3.5,7.0,5.5,5.5,1.5,3.5,1.5
2014-02-14,3.5,7.0,5.5,5.5,1.5,3.5,1.5
2014-02-18,3.5,7.0,5.5,5.5,1.5,3.5,1.5
2014-02-19,3.5,7.0,5.5,5.5,1.5,3.5,1.5
2014-02-20,4.0,7.0,5.5,5.5,1.0,3.0,2.0
2014-02-21,2.0,6.5,3.0,6.5,1.0,5.0,4.0
2014-02-24,1.5,5.5,3.5,7.0,1.5,5.5,3.5
2014-02-25,1.5,5.5,3.5,7.0,1.5,5.5,3.5
2014-02-26,1.5,5.5,3.5,7.0,1.5,5.5,3.5
2014-02-27,1.5,5.5,3.5,7.0,1.5,5.5,3.5
2014-02-28,1.5,5.5,3.5,7.0,1.5,5.5,3.5
2014-03-03,1.5,5.5,3.5,7.0,1.5,5.5,3.5
2014-03-04,1.5,5.5,3.5,7.0,1.5,5.5,3.5
2014-03-05,1.5,5.5,3.5,7.0,1.5,5.5,3.5
2014-03-06,1.5,5.5,3.5,7.0,1.5,5.5,3.5
2014-03-07,1.5,5.5,3.5,7.0,1.5,5.5,3.5
2014-03-10,1.5,5.5,3.5,7.0,1.5,5.5,3.5
2014-03-11,1.5,5.5,3.5,7.0,1.5,5.5,3.5
2014-03-12,1.5,5.5,3.5,7.0,1.5,5.5,3.5
2014-03-13,1.5,5.5,3.5,7.0,1.5,5.5,3.5
2014-03-14,1.5,5.5,3.5,7.0,1.5,5.5,3.5
2014-03-17,1.5,5.5,3.5,7.0,1.5,5.5,3.5
2014-03-18,1.5,5.5,3.5,7.0,1.5,5.5,3.5
2014-03-19,1.5,5.5,3.5,7.0,1.5,5.5,3.5
2014-03-20,1.5,5.0,4.0,6.0,1.5,3.0,7.0
2014-03-21,1.5,5.0,4.0,6.0,1.5,3.0,7.0
2014-03-24,1.5,5.0,4.0,6.0,1.5,3.0,7.0
2014-03-25,1.5,5.0,4.0,6.0,1.5,3.0,7.0
2014-03-26,1.5,5.0,4.0,6.0,1.5,3.0,7.0
2014-03-27,1.5,5.0,4.0,6.0,1.5,3.0,7.0
2014-03-28,1.5,5.5,4.0,7.0,1.5,3.0,5.5
2014-03-31,1.5,6.0,4.5,7.0,1.5,3.0,4.5
2014-04-01,1.5,6.0,4.5,7.0,1.5,3.0,4.5
2014-04-02,2.0,6.0,3.5,7.0,1.0,3.5,5.0
2014-04-03,2.0,6.0,5.0,7.0,1.0,3.0,4.0
2014-04-04,2.0,5.0,6.0,7.0,1.0,3.0,4.0
2014-04-07,2.0,5.0,6.0,7.0,1.0,3.0,4.0
2014-04-08,2.0,5.0,6.0,7.0,1.0,3.0,4.0
2014-04-09,2.0,4.0,5.5,7.0,1.0,3.0,5.5
2014-04-10,2.0,4.0,5.5,7.0,1.0,3.0,5.5
2014-04-11,2.0,4.0,5.5,7.0,1.0,3.0,5.5
2014-04-14,2.0,5.0,3.0,7.0,1.0,4.0,6.0
2014-04-15,2.0,5.0,3.0,7.0,1.0,4.0,6.0
2014-04-16,2.0,6.5,3.0,6.5,1.0,4.0,5.0
2014-04-17,2.0,6.5,3.0,6.5,1.0,4.0,5.0
2014-04-21,2.0,6.5,3.0,6.5,1.0,4.0,5.0
2014-04-22,2.0,6.5,3.0,6.5,1.0,4.0,5.0
2014-04-23,2.0,6.5,4.5,6.5,1.0,3.0,4.5
2014-04-24,2.0,6.5,4.5,6.5,1.0,3.0,4.5
2014-04-25,1.5,5.0,6.0,7.0,3.0,1.5,4.0
2014-04-28,1.5,5.5,5.5,7.0,3.0,1.5,4.0
2014-04-29,1.5,4.0,5.0,7.0,3.0,1.5,6.0
2014-04-30,1.5,4.0,5.0,7.0,3.0,1.5,6.0
2014-05-01,4.0,3.0,5.0,7.0,1.0,2.0,6.0
2014-05-02,4.5,1.5,3.0,7.0,1.5,4.5,6.0
2014-05-05,3.5,1.0,3.5,7.0,2.0,5.0,6.0
2014-05-06,3.5,1.0,3.5,7.0,2.0,5.0,6.0
2014-05-07,3.5,1.0,3.5,7.0,2.0,5.0,6.0
2014-05-08,4.0,1.5,4.0,7.0,1.5,4.0,6.0
2014-05-09,4.0,1.5,4.0,7.0,1.5,4.0,6.0
2014-05-12,4.0,1.5,4.0,7.0,1.5,4.0,6.0
2014-05-13,4.0,1.5,4.0,7.0,1.5,4.0,6.0
2014-05-14,4.0,1.5,4.0,7.0,1.5,4.0,6.0
2014-05-15,4.0,1.5,4.0,7.0,1.5,4.0,6.0
2014-05-16,4.0,1.5,4.0,7.0,1.5,4.0,6.0
2014-05-19,4.0,1.5,4.0,7.0,1.5,4.0,6.0
2014-05-20,4.0,1.5,4.0,7.0,1.5,4.0,6.0
2014-05-21,3.0,1.5,4.5,7.0,1.5,4.5,6.0
2014-05-22,3.0,1.5,4.5,7.0,1.5,4.5,6.0
2014-05-23,3.0,1.5,4.5,7.0,1.5,4.5,6.0
2014-05-27,3.0,1.5,4.5,7.0,1.5,4.5,6.0
2014-05-28,3.0,1.5,4.5,7.0,1.5,4.5,6.0
2014-05-29,3.0,1.5,4.5,7.0,1.5,4.5,6.0
2014-05-30,3.0,1.5,4.5,7.0,1.5,4.5,6.0
2014-06-02,3.0,1.5,4.5,7.0,1.5,4.5,6.0
2014-06-03,3.0,1.5,4.5,7.0,1.5,4.5,6.0
2014-06-04,3.0,1.5,6.0,7.0,1.5,4.0,5.0
2014-06-05,3.0,1.5,6.0,7.0,1.5,4.0,5.0
2014-06-06,3.0,1.5,7.0,6.0,1.5,4.0,5.0
2014-06-09,3.0,1.5,7.0,6.0,1.5,4.0,5.0
2014-06-10,3.0,1.5,7.0,6.0,1.5,4.0,5.0
2014-06-11,3.0,1.5,7.0,6.0,1.5,4.0,5.0
2014-06-12,3.0,1.5,7.0,6.0,1.5,4.0,5.0
2014-06-13,3.0,1.5,7.0,6.0,1.5,4.0,5.0
2014-06-16,4.0,1.5,7.0,4.0,1.5,4.0,6.0
2014-06-17,7.0,1.5,5.5,3.5,1.5,3.5,5.5
2014-06-18,6.0,1.5,3.0,7.0,1.5,4.0,5.0
2014-06-19,6.0,1.5,3.0,7.0,1.5,4.0,5.0
2014-06-20,6.0,1.5,3.0,7.0,1.5,4.0,5.0
2014-06-23,6.0,1.5,3.0,7.0,1.5,4.0,5.0
2014-06-24,6.0,1.5,3.0,7.0,1.5,4.0,5.0
2014-06-25,6.0,1.5,3.0,7.0,1.5,4.0,5.0
2014-06-26,6.0,1.5,3.0,7.0,1.5,4.0,5.0
2014-06-27,6.0,1.5,3.0,7.0,1.5,4.0,5.0
2014-06-30,5.0,1.5,3.5,7.0,1.5,3.5,6.0
2014-07-01,5.0,1.5,3.5,7.0,1.5,3.5,6.0
2014-07-02,4.5,1.5,3.0,7.0,1.5,6.0,4.5
2014-07-03,4.5,1.5,3.0,7.0,1.5,6.0,4.5
2014-07-07,4.0,1.5,4.0,7.0,1.5,6.0,4.0
2014-07-08,3.5,1.0,3.5,7.0,2.0,6.0,5.0
2014-07-09,3.5,1.0,3.5,7.0,2.0,6.0,5.0
2014-07-10,3.5,1.0,3.5,7.0,2.0,6.0,5.0
2014-07-11,3.5,1.0,3.5,7.0,2.0,6.0,5.0
2014-07-14,3.5,1.0,3.5,7.0,2.0,6.0,5.0
2014-07-15,3.5,1.0,3.5,7.0,2.0,6.0,5.0
2014-07-16,4.5,3.0,4.5,7.0,1.5,6.0,1.5
2014-07-17,4.5,3.0,4.5,7.0,1.5,6.0,1.5
2014-07-18,4.5,3.0,4.5,7.0,1.5,6.0,1.5
2014-07-21,4.5,3.0,4.5,7.0,1.5,6.0,1.5
2014-07-22,4.5,3.0,4.5,7.0,1.5,6.0,1.5
2014-07-23,4.5,3.0,4.5,7.0,1.5,6.0,1.5
2014-07-24,4.0,6.0,4.0,7.0,1.5,4.0,1.5
2014-07-25,4.0,6.0,4.0,7.0,1.5,4.0,1.5
2014-07-28,4.0,6.0,4.0,7.0,1.5,4.0,1.5
2014-07-29,4.0,6.0,4.0,7.0,1.5,4.0,1.5
2014-07-30,4.0,6.0,4.0,7.0,1.5,4.0,1.5
2014-07-31,4.0,6.0,4.0,7.0,1.5,4.0,1.5
2014-08-01,4.0,6.0,4.0,7.0,1.5,4.0,1.5
2014-08-04,4.0,6.0,4.0,7.0,1.5,4.0,1.5
2014-08-05,4.0,6.0,4.0,7.0,1.5,4.0,1.5
2014-08-06,5.5,5.5,3.5,7.0,1.5,3.5,1.5
2014-08-07,6.0,4.0,4.0,7.0,1.5,4.0,1.5
2014-08-08,6.0,4.0,4.0,7.0,1.5,4.0,1.5
2014-08-11,6.0,4.0,4.0,7.0,1.5,4.0,1.5
2014-08-12,3.0,4.5,6.0,7.0,1.5,4.5,1.5
2014-08-13,3.0,4.5,6.0,7.0,1.5,4.5,1.5
2014-08-14,3.0,4.5,6.0,7.0,1.5,4.5,1.5
2014-08-15,3.0,4.5,6.0,7.0,1.5,4.5,1.5
2014-08-18,3.0,4.5,6.0,7.0,1.5,4.5,1.5
2014-08-19,4.5,4.5,6.0,7.0,1.5,3.0,1.5
2014-08-20,4.5,4.5,6.0,7.0,1.5,3.0,1.5
2014-08-21,4.5,4.5,6.0,7.0,1.5,3.0,1.5
2014-08-22,5.0,5.0,5.0,7.0,1.5,3.0,1.5
2014-08-25,5.0,5.0,5.0,7.0,1.5,3.0,1.5
2014-08-26,5.0,5.0,5.0,7.0,1.5,3.0,1.5
2014-08-27,5.0,3.0,6.0,7.0,2.0,4.0,1.0
2014-08-28,4.5,3.0,6.0,7.0,2.0,4.5,1.0
2014-08-29,5.0,4.0,6.0,7.0,2.0,3.0,1.0
2014-09-02,5.0,4.0,6.0,7.0,2.0,3.0,1.0
2014-09-03,4.0,1.5,6.0,7.0,3.0,5.0,1.5
2014-09-04,4.0,3.0,5.0,7.0,2.0,6.0,1.0
2014-09-05,4.0,3.0,5.0,7.0,2.0,6.0,1.0
2014-09-08,4.5,3.0,1.5,7.0,1.5,6.0,4.5
2014-09-09,4.5,3.0,1.5,7.0,1.5,6.0,4.5
2014-09-10,4.5,3.0,1.5,7.0,1.5,6.0,4.5
2014-09-11,5.0,1.0,2.5,7.0,2.5,6.0,4.0
2014-09-12,6.0,1.0,2.5,7.0,2.5,5.0,4.0
2014-09-15,5.0,3.0,1.5,7.0,1.5,6.0,4.0
2014-09-16,5.0,3.0,1.5,7.0,1.5,6.0,4.0
2014-09-17,5.0,3.0,1.5,7.0,1.5,6.0,4.0
2014-09-18,4.0,3.0,1.5,7.0,1.5,6.0,5.0
2014-09-19,4.0,3.0,1.5,7.0,1.5,6.0,5.0
2014-09-22,3.5,5.5,1.5,7.0,1.5,3.5,5.5
2014-09-23,3.5,5.5,1.5,7.0,1.5,3.5,5.5
2014-09-24,3.5,5.5,1.5,7.0,1.5,3.5,5.5
2014-09-25,3.0,5.0,1.5,7.0,1.5,5.0,5.0
2014-09-26,3.0,5.0,1.5,7.0,1.5,5.0,5.0
2014-09-29,3.0,6.0,1.5,7.0,1.5,4.5,4.5
2014-09-30,3.0,5.0,1.5,7.0,1.5,4.0,6.0
2014-10-01,3.0,4.5,1.5,6.0,1.5,4.5,7.0
2014-10-02,3.0,4.5,1.5,6.0,1.5,4.5,7.0
2014-10-03,3.0,4.5,1.5,6.0,1.5,4.5,7.0
2014-10-06,3.0,4.5,1.5,6.0,1.5,4.5,7.0
2014-10-07,3.0,4.5,1.5,6.0,1.5,4.5,7.0
2014-10-08,3.0,4.5,1.5,6.0,1.5,4.5,7.0
2014-10-09,3.0,4.5,1.5,6.0,1.5,4.5,7.0
2014-10-10,3.0,4.5,1.5,6.0,1.5,4.5,7.0
2014-10-13,3.0,4.5,1.5,6.0,1.5,4.5,7.0
2014-10-14,3.0,4.5,1.5,6.0,1.5,4.5,7.0
2014-10-15,3.0,4.5,1.5,6.0,1.5,4.5,7.0
2014-10-16,3.0,6.0,1.5,7.0,1.5,4.0,5.0
2014-10-17,3.0,6.0,1.5,7.0,1.5,4.0,5.0
2014-10-20,3.0,6.0,1.5,7.0,1.5,4.0,5.0
2014-10-21,3.0,6.0,1.5,7.0,1.5,4.0,5.0
2014-10-22,3.0,6.0,1.5,7.0,1.5,4.0,5.0
2014-10-23,3.0,6.0,1.5,7.0,1.5,4.0,5.0
2014-10-24,3.0,6.0,1.5,7.0,1.5,4.0,5.0
2014-10-27,3.0,6.0,1.5,7.0,1.5,4.0,5.0
2014-10-28,3.0,6.0,1.5,7.0,1.5,4.0,5.0
2014-10-29,3.0,6.0,1.5,7.0,1.5,4.0,5.0
2014-10-30,3.0,6.0,1.5,7.0,1.5,4.0,5.0
2014-10-31,3.0,6.0,1.5,7.0,1.5,4.0,5.0
2014-11-03,3.0,6.0,1.5,7.0,1.5,4.0,5.0
2014-11-04,3.0,6.0,1.5,7.0,1.5,4.0,5.0
2014-11-05,3.0,6.0,1.5,7.0,1.5,4.0,5.0
2014-11-06,3.0,6.0,1.5,7.0,1.5,4.0,5.0
2014-11-07,3.0,6.0,1.5,7.0,1.5,4.0,5.0
2014-11-10,3.0,6.0,1.5,7.0,1.5,4.0,5.0
2014-11-11,3.0,6.0,1.5,7.0,1.5,4.0,5.0
2014-11-12,3.0,6.0,1.5,7.0,1.5,4.0,5.0
2014-11-13,3.0,6.0,1.5,7.0,1.5,4.0,5.0
2014-11-14,3.0,6.0,1.5,7.0,1.5,4.0,5.0
2014-11-17,3.0,6.0,1.5,7.0,1.5,4.0,5.0
2014-11-18,3.0,6.0,1.5,7.0,1.5,4.0,5.0
2014-11-19,3.0,6.0,1.5,7.0,1.5,4.0,5.0
2014-11-20,3.0,6.0,1.5,7.0,1.5,4.0,5.0
2014-11-21,3.0,6.0,1.5,7.0,1.5,4.0,5.0
2014-11-24,3.0,6.0,1.5,7.0,1.5,4.0,5.0
2014-11-25,3.0,6.0,1.5,7.0,1.5,4.0,5.0
2014-11-26,3.0,6.0,1.5,7.0,1.5,4.0,5.0
2014-11-28,3.0,6.0,1.5,7.0,1.5,4.0,5.0
2014-12-01,3.0,6.0,1.5,7.0,1.5,4.0,5.0
2014-12-02,3.0,6.0,1.5,7.0,1.5,4.0,5.0
2014-12-03,3.0,6.0,1.5,7.0,1.5,4.0,5.0
2014-12-04,3.0,6.0,1.5,7.0,1.5,4.0,5.0
2014-12-05,5.5,7.0,1.5,3.5,1.5,3.5,5.5
2014-12-08,5.5,7.0,1.5,3.5,1.5,3.5,5.5
2014-12-09,5.5,7.0,1.5,3.5,1.5,3.5,5.5
2014-12-10,5.0,6.0,1.5,4.0,1.5,7.0,3.0
2014-12-11,5.0,6.0,1.5,4.0,1.5,7.0,3.0
2014-12-12,5.0,6.0,1.5,4.0,1.5,7.0,3.0
2014-12-15,5.0,6.0,1.5,4.0,1.5,7.0,3.0
2014-12-16,5.0,6.0,1.5,4.0,1.5,7.0,3.0
2014-12-17,5.0,6.0,1.5,4.0,1.5,7.0,3.0
2014-12-18,5.5,7.0,1.5,3.5,1.5,5.5,3.5
2014-12-19,5.5,7.0,1.5,3.5,1.5,5.5,3.5
2014-12-22,5.5,7.0,1.5,3.5,1.5,5.5,3.5
2014-12-23,5.5,7.0,1.5,3.5,1.5,5.5,3.5
2014-12-24,5.5,7.0,1.5,3.5,1.5,5.5,3.5
2014-12-26,5.5,7.0,1.0,4.0,2.0,5.5,3.0
2014-12-29,5.5,7.0,1.0,4.0,2.0,5.5,3.0
2014-12-30,5.5,7.0,1.0,4.0,2.0,5.5,3.0
2014-12-31,6.0,3.5,1.0,5.0,2.0,7.0,3.5
2015-01-02,6.0,3.5,1.0,5.0,2.0,7.0,3.5
2015-01-05,6.0,3.5,1.0,5.0,2.0,7.0,3.5
2015-01-06,6.0,3.5,1.0,5.0,2.0,7.0,3.5
2015-01-07,6.0,3.5,1.0,5.0,2.0,7.0,3.5
2015-01-08,6.0,3.5,1.0,5.0,2.0,7.0,3.5
2015-01-09,4.0,3.0,1.5,5.0,7.0,6.0,1.5
2015-01-12,4.0,3.0,1.5,5.0,7.0,6.0,1.5
2015-01-13,4.0,3.0,1.0,5.0,7.0,6.0,2.0
2015-01-14,4.5,3.0,1.0,4.5,7.0,6.0,2.0
2015-01-15,4.0,3.0,1.0,5.0,7.0,6.0,2.0
2015-01-16,4.0,3.0,1.0,5.0,7.0,6.0,2.0
2015-01-20,3.0,1.5,1.5,4.5,7.0,6.0,4.5
2015-01-21,1.0,3.0,2.0,4.0,7.0,5.0,6.0
2015-01-22,1.0,3.0,2.0,4.0,7.0,5.0,6.0
2015-01-23,1.0,3.0,2.0,4.0,7.0,5.0,6.0
2015-01-26,1.0,3.0,2.0,4.0,7.0,5.0,6.0
2015-01-27,1.0,3.0,2.0,4.5,7.0,4.5,6.0
2015-01-28,1.0,3.0,2.0,4.5,7.0,4.5,6.0
2015-01-29,1.5,3.0,1.5,4.5,7.0,4.5,6.0
2015-01-30,2.0,3.0,1.0,4.5,7.0,4.5,6.0
2015-02-02,2.0,3.0,1.0,4.5,7.0,4.5,6.0
2015-02-03,2.0,3.0,1.0,4.5,7.0,4.5,6.0
2015-02-04,2.0,3.0,1.0,4.5,7.0,4.5,6.0
2015-02-05,2.0,3.0,1.0,4.5,7.0,4.5,6.0
2015-02-06,2.0,3.0,1.0,4.5,7.0,4.5,6.0
2015-02-09,2.0,3.0,1.0,4.0,7.0,5.5,5.5
2015-02-10,2.0,3.0,1.0,4.5,7.0,6.0,4.5
2015-02-11,1.5,4.0,3.0,1.5,7.0,6.0,5.0
2015-02-12,1.5,4.0,3.0,1.5,7.0,6.0,5.0
2015-02-13,1.5,4.0,3.0,1.5,7.0,6.0,5.0
2015-02-17,2.0,4.0,2.0,2.0,7.0,5.0,6.0
2015-02-18,2.0,4.0,2.0,2.0,7.0,5.0,6.0
2015-02-19,2.0,4.0,2.0,2.0,7.0,5.0,6.0
2015-02-20,2.0,4.0,2.0,2.0,7.0,5.0,6.0
2015-02-23,2.0,4.0,2.0,2.0,7.0,5.0,6.0
2015-02-24,2.5,4.5,1.0,2.5,7.0,4.5,6.0
2015-02-25,3.0,4.5,1.0,2.0,7.0,4.5,6.0
2015-02-26,2.0,4.0,1.0,3.0,7.0,5.5,5.5
2015-02-27,2.5,4.5,1.0,4.5,2.5,6.5,6.5
2015-03-02,2.5,4.5,1.0,4.5,2.5,6.5,6.5
2015-03-03,2.5,4.5,1.0,4.5,2.5,6.5,6.5
2015-03-04,2.5,4.5,1.0,4.5,2.5,6.5,6.5
2015-03-05,2.5,4.5,1.0,4.5,2.5,6.5,6.5
2015-03-06,2.5,4.5,1.0,4.5,2.5,6.5,6.5
2015-03-09,2.5,4.5,1.0,4.5,2.5,6.5,6.5
2015-03-10,2.5,4.5,1.0,4.5,2.5,6.5,6.5
2015-03-11,2.5,4.5,1.0,4.5,2.5,6.5,6.5
2015-03-12,2.5,4.5,1.0,4.5,2.5,6.5,6.5
2015-03-13,2.5,4.5,1.0,4.5,2.5,6.5,6.5
2015-03-16,2.5,4.0,1.0,5.0,2.5,6.0,7.0
2015-03-17,2.5,4.0,1.0,5.0,2.5,6.0,7.0
2015-03-18,2.5,4.0,1.0,5.0,2.5,6.0,7.0
2015-03-19,2.5,4.0,1.0,5.0,2.5,6.0,7.0
2015-03-20,3.0,4.0,1.0,5.0,2.0,6.0,7.0
2015-03-23,3.0,4.5,1.0,4.5,2.0,6.5,6.5
2015-03-24,3.0,4.5,1.0,4.5,2.0,6.5,6.5
2015-03-25,3.0,4.5,1.0,4.5,2.0,6.5,6.5
2015-03-26,3.0,4.5,1.0,4.5,2.0,6.5,6.5
2015-03-27,4.0,5.0,1.0,3.0,2.0,6.5,6.5
2015-03-30,4.0,5.0,1.0,3.0,2.0,6.5,6.5
2015-03-31,4.0,5.0,1.0,3.0,2.0,6.5,6.5
2015-04-01,4.0,5.0,1.0,3.0,2.0,6.5,6.5
2015-04-02,4.0,5.0,1.0,3.0,2.0,6.5,6.5
2015-04-06,4.0,5.0,1.0,3.0,2.0,6.5,6.5
2015-04-07,4.0,5.5,1.0,3.0,2.0,5.5,7.0
2015-04-08,4.0,5.5,1.0,3.0,2.0,5.5,7.0
2015-04-09,4.0,5.5,1.0,3.0,2.0,5.5,7.0
2015-04-10,4.0,5.5,1.0,3.0,2.0,5.5,7.0
2015-04-13,4.0,5.5,1.0,3.0,2.0,5.5,7.0
2015-04-14,4.0,5.5,1.0,3.0,2.0,5.5,7.0
2015-04-15,4.0,5.5,1.0,3.0,2.0,5.5,7.0
2015-04-16,4.0,6.5,1.0,3.0,2.0,6.5,5.0
2015-04-17,4.0,5.0,1.0,3.0,2.0,7.0,6.0
2015-04-20,4.0,5.0,1.0,3.0,2.0,6.0,7.0
2015-04-21,4.0,5.0,1.0,3.0,2.0,6.0,7.0
2015-04-22,5.0,6.0,1.0,3.5,2.0,3.5,7.0
2015-04-23,4.0,6.0,1.5,4.0,1.5,4.0,7.0
2015-04-24,4.0,6.0,1.5,4.0,1.5,4.0,7.0
2015-04-27,4.0,6.0,1.5,4.0,1.5,4.0,7.0
2015-04-28,4.0,6.0,1.5,4.0,1.5,4.0,7.0
2015-04-29,4.0,6.0,1.5,4.0,1.5,4.0,7.0
2015-04-30,4.0,6.0,1.5,4.0,1.5,4.0,7.0
2015-05-01,4.0,6.0,1.5,4.0,1.5,4.0,7.0
2015-05-04,4.0,6.0,1.5,4.0,1.5,4.0,7.0
2015-05-05,4.0,7.0,1.5,4.0,1.5,4.0,6.0
2015-05-06,4.0,7.0,1.5,4.0,1.5,4.0,6.0
2015-05-07,4.0,7.0,1.5,4.0,1.5,4.0,6.0
2015-05-08,4.0,7.0,1.5,4.0,1.5,4.0,6.0
2015-05-11,4.0,7.0,1.5,4.0,1.5,4.0,6.0
2015-05-12,4.0,7.0,1.5,4.0,1.5,4.0,6.0
2015-05-13,4.0,7.0,1.5,4.0,1.5,4.0,6.0
2015-05-14,4.0,7.0,1.5,4.0,1.5,4.0,6.0
2015-05-15,4.0,7.0,1.5,4.0,1.5,4.0,6.0
2015-05-18,4.0,6.0,1.5,5.0,1.5,3.0,7.0
2015-05-19,4.0,6.0,1.5,5.0,1.5,3.0,7.0
2015-05-20,4.0,6.0,1.5,5.0,1.5,3.0,7.0
2015-05-21,4.0,6.0,1.5,5.0,1.5,3.0,7.0
2015-05-22,4.0,6.0,1.5,5.0,1.5,3.0,7.0
2015-05-26,4.0,6.0,1.5,5.0,1.5,3.0,7.0
2015-05-27,4.0,6.0,1.5,5.0,1.5,3.0,7.0
2015-05-28,4.0,6.0,1.5,5.0,1.5,3.0,7.0
2015-05-29,4.0,6.0,1.5,5.0,1.5,3.0,7.0
2015-06-01,4.0,6.0,1.5,5.0,1.5,3.0,7.0
2015-06-02,4.0,6.0,1.5,5.0,1.5,3.0,7.0
2015-06-03,3.5,7.0,1.5,5.5,1.5,5.5,3.5
2015-06-04,3.5,7.0,1.5,5.5,1.5,5.5,3.5
2015-06-05,3.5,7.0,1.5,5.5,1.5,5.5,3.5
2015-06-08,3.5,7.0,1.5,5.5,1.5,5.5,3.5
2015-06-09,3.5,7.0,1.5,5.5,1.5,5.5,3.5
2015-06-10,3.5,7.0,1.5,5.5,1.5,5.5,3.5
2015-06-11,3.5,7.0,1.5,5.5,1.5,5.5,3.5
2015-06-12,3.5,7.0,1.5,5.5,1.5,5.5,3.5
2015-06-15,3.5,7.0,1.5,5.5,1.5,5.5,3.5
2015-06-16,3.5,7.0,1.5,5.5,1.5,5.5,3.5
2015-06-17,3.5,7.0,1.5,5.5,1.5,5.5,3.5
2015-06-18,3.5,7.0,1.5,5.5,1.5,5.5,3.5
2015-06-19,3.5,7.0,1.5,5.5,1.5,5.5,3.5
2015-06-22,3.5,7.0,1.5,5.5,1.5,5.5,3.5
2015-06-23,4.0,7.0,1.5,4.0,1.5,6.0,4.0
2015-06-24,4.0,7.0,1.5,4.0,1.5,6.0,4.0
2015-06-25,4.0,7.0,1.5,4.0,1.5,6.0,4.0
2015-06-26,4.0,7.0,1.5,4.0,1.5,6.0,4.0
2015-06-29,4.0,7.0,1.5,4.0,1.5,6.0,4.0
2015-06-30,4.0,7.0,1.5,4.0,1.5,6.0,4.0
2015-07-01,4.0,7.0,1.5,4.0,1.5,6.0,4.0
2015-07-02,4.0,7.0,1.5,4.0,1.5,6.0,4.0
2015-07-06,4.0,7.0,1.5,4.0,1.5,6.0,4.0
2015-07-07,4.0,7.0,1.5,4.0,1.5,6.0,4.0
2015-07-08,4.0,7.0,1.5,4.0,1.5,6.0,4.0
2015-07-09,4.0,7.0,1.5,4.0,1.5,6.0,4.0
2015-07-10,4.5,6.5,1.5,3.0,1.5,6.5,4.5
2015-07-13,4.5,6.5,1.5,3.0,1.5,6.5,4.5
2015-07-14,3.5,6.0,2.0,1.0,7.0,5.0,3.5
2015-07-15,3.0,6.0,2.0,1.0,7.0,5.0,4.0
2015-07-16,3.0,4.5,2.0,1.0,7.0,6.0,4.5
2015-07-17,3.0,4.5,2.0,1.0,7.0,6.0,4.5
2015-07-20,3.0,4.5,2.0,1.0,7.0,6.0,4.5
2015-07-21,3.0,4.5,2.0,1.0,7.0,6.0,4.5
2015-07-22,3.0,4.5,2.0,1.0,7.0,6.0,4.5
2015-07-23,3.0,5.5,2.0,1.0,7.0,5.5,4.0
2015-07-24,3.0,6.0,2.0,1.0,7.0,4.5,4.5
2015-07-27,3.0,6.0,2.0,1.0,7.0,4.5,4.5
2015-07-28,3.0,6.0,2.0,1.0,7.0,4.5,4.5
2015-07-29,2.5,5.0,2.5,1.0,7.0,6.0,4.0
2015-07-30,2.0,5.0,2.0,2.0,7.0,6.0,4.0
2015-07-31,1.0,4.5,2.5,2.5,7.0,6.0,4.5
2015-08-03,1.0,4.5,2.5,2.5,7.0,6.0,4.5
2015-08-04,1.0,4.5,2.5,2.5,7.0,6.0,4.5
2015-08-05,2.0,4.0,2.0,2.0,7.0,6.0,5.0
2015-08-06,2.0,4.0,2.0,2.0,7.0,6.0,5.0
2015-08-07,3.0,4.0,1.5,1.5,7.0,5.0,6.0
2015-08-10,3.0,4.0,1.5,1.5,7.0,5.0,6.0
2015-08-11,3.0,4.5,1.0,2.0,7.0,4.5,6.0
2015-08-12,3.0,4.0,1.0,2.0,7.0,5.5,5.5
2015-08-13,3.0,5.0,1.0,2.0,4.0,6.5,6.5
2015-08-14,4.0,5.0,1.0,2.5,2.5,6.5,6.5
2015-08-17,4.0,5.0,1.0,2.5,2.5,6.5,6.5
2015-08-18,4.0,5.0,1.0,2.5,2.5,6.5,6.5
2015-08-19,4.0,5.0,1.0,2.5,2.5,6.5,6.5
2015-08-20,4.0,6.0,1.0,2.5,2.5,5.0,7.0
2015-08-21,4.0,6.0,1.0,2.5,2.5,5.0,7.0
2015-08-24,4.0,6.0,1.0,2.5,2.5,5.0,7.0
2015-08-25,4.5,6.0,1.0,2.5,2.5,4.5,7.0
2015-08-26,4.5,6.0,1.0,2.5,2.5,4.5,7.0
2015-08-27,4.5,6.0,1.0,2.5,2.5,4.5,7.0
2015-08-28,4.5,6.0,1.0,2.5,2.5,4.5,7.0
2015-08-31,4.5,6.0,1.0,2.5,2.5,4.5,7.0
2015-09-01,4.5,6.0,1.0,2.5,2.5,4.5,7.0
2015-09-02,4.5,6.0,1.0,2.5,2.5,4.5,7.0
2015-09-03,4.5,6.0,1.0,2.5,2.5,4.5,7.0
2015-09-04,4.0,6.0,1.0,2.5,2.5,5.0,7.0
2015-09-08,4.0,6.0,1.0,2.5,2.5,5.0,7.0
2015-09-09,4.0,6.0,1.0,2.5,2.5,5.0,7.0
2015-09-10,4.0,6.0,1.0,2.5,2.5,5.0,7.0
2015-09-11,4.0,6.0,1.0,2.5,2.5,5.0,7.0
2015-09-14,4.0,6.0,1.0,2.5,2.5,5.0,7.0
2015-09-15,4.0,6.0,1.0,2.5,2.5,5.0,7.0
2015-09-16,4.0,6.0,1.0,2.5,2.5,5.0,7.0
2015-09-17,5.0,6.0,1.0,2.5,2.5,4.0,7.0
2015-09-18,5.0,6.0,1.0,2.5,2.5,4.0,7.0
2015-09-21,5.0,6.0,1.0,2.5,2.5,4.0,7.0
2015-09-22,5.0,6.0,1.0,2.5,2.5,4.0,7.0
2015-09-23,5.0,6.0,1.0,2.5,2.5,4.0,7.0
2015-09-24,5.0,6.0,1.0,2.5,2.5,4.0,7.0
2015-09-25,5.0,6.0,1.0,2.5,2.5,4.0,7.0
2015-09-28,5.0,6.0,1.0,2.5,2.5,4.0,7.0
2015-09-29,5.0,6.0,1.0,2.5,2.5,4.0,7.0
2015-09-30,5.0,6.0,1.0,2.5,2.5,4.0,7.0
2015-10-01,5.0,6.0,1.0,2.5,2.5,4.0,7.0
2015-10-02,5.0,6.0,1.0,2.5,2.5,4.0,7.0
2015-10-05,5.0,6.0,1.0,2.5,2.5,4.0,7.0
2015-10-06,5.0,6.0,1.0,2.5,2.5,4.0,7.0
2015-10-07,5.0,6.0,1.0,2.5,2.5,4.0,7.0
2015-10-08,5.0,6.0,1.0,2.5,2.5,4.0,7.0
2015-10-09,5.0,6.0,1.0,2.5,2.5,4.0,7.0
2015-10-12,5.0,6.0,1.0,2.5,2.5,4.0,7.0
2015-10-13,5.0,6.0,1.0,2.5,2.5,4.0,7.0
2015-10-14,5.0,6.0,1.0,2.5,2.5,4.0,7.0
2015-10-15,6.0,5.0,1.0,2.0,3.0,4.0,7.0
2015-10-16,6.0,5.0,1.0,2.0,3.0,4.0,7.0
2015-10-19,5.0,6.5,1.0,2.0,3.0,4.0,6.5
2015-10-20,5.0,6.0,1.5,1.5,3.0,4.0,7.0
2015-10-21,5.0,6.0,2.0,1.0,3.0,4.0,7.0
2015-10-22,5.0,6.0,2.0,1.0,3.0,4.0,7.0
2015-10-23,5.0,6.0,1.0,2.0,3.0,4.0,7.0
2015-10-26,5.0,6.0,1.0,2.0,3.0,4.0,7.0
2015-10-27,5.0,6.0,1.0,2.0,3.0,4.0,7.0
2015-10-28,5.0,6.0,1.0,2.0,3.0,4.0,7.0
2015-10-29,4.0,6.0,1.0,2.0,3.0,5.0,7.0
2015-10-30,4.0,6.0,1.0,2.0,3.0,5.0,7.0
2015-11-02,4.0,6.0,1.0,2.0,3.0,5.0,7.0
2015-11-03,4.0,6.0,1.0,2.0,3.0,5.0,7.0
2015-11-04,4.0,6.0,1.0,2.0,3.0,5.0,7.0
2015-11-05,4.0,6.0,1.0,2.0,3.0,5.0,7.0
2015-11-06,4.0,6.0,1.0,2.0,3.0,5.0,7.0
2015-11-09,4.0,6.0,1.0,2.0,3.0,5.0,7.0
2015-11-10,4.0,6.0,1.0,2.0,3.0,5.0,7.0
2015-11-11,4.0,6.0,1.0,2.0,3.0,5.0,7.0
2015-11-12,4.0,6.0,1.0,2.0,3.0,5.0,7.0
2015-11-13,4.0,6.0,1.0,2.0,3.0,5.0,7.0
2015-11-16,4.0,7.0,1.0,2.0,3.0,5.0,6.0
2015-11-17,4.0,6.5,1.0,2.0,3.0,5.0,6.5
2015-11-18,4.0,6.5,1.0,2.0,3.0,5.0,6.5
2015-11-19,4.0,6.5,1.0,2.0,3.0,5.0,6.5
2015-11-20,4.0,6.5,1.0,2.0,3.0,5.0,6.5
2015-11-23,4.0,6.5,1.0,2.0,3.0,5.0,6.5
2015-11-24,4.0,6.5,1.0,2.0,3.0,5.0,6.5
2015-11-25,3.0,6.5,1.0,2.0,4.5,4.5,6.5
2015-11-27,3.0,6.0,1.0,2.0,7.0,4.0,5.0
2015-11-30,3.0,6.0,1.0,2.0,7.0,4.0,5.0
2015-12-01,3.0,5.0,1.0,2.0,7.0,4.0,6.0
2015-12-02,3.0,5.0,1.0,2.0,7.0,4.0,6.0
2015-12-03,3.0,5.0,1.0,2.0,7.0,4.0,6.0
2015-12-04,3.0,5.0,1.0,2.0,7.0,4.0,6.0
2015-12-07,3.0,5.0,1.0,2.0,7.0,4.0,6.0
2015-12-08,3.0,5.0,1.0,2.0,7.0,4.0,6.0
2015-12-09,3.0,5.0,1.0,2.0,7.0,4.0,6.0
2015-12-10,3.0,5.0,1.0,2.0,7.0,4.0,6.0
2015-12-11,3.0,5.0,1.0,2.0,7.0,4.0,6.0
2015-12-14,3.0,5.0,1.0,2.0,7.0,4.0,6.0
2015-12-15,3.0,5.0,1.0,2.0,7.0,4.0,6.0
2015-12-16,3.0,5.0,1.0,2.0,7.0,4.0,6.0
2015-12-17,3.0,5.0,1.0,2.0,7.0,4.0,6.0
2015-12-18,3.0,5.0,1.0,2.0,7.0,4.0,6.0
2015-12-21,3.0,5.0,1.5,1.5,7.0,4.0,6.0
2015-12-22,3.5,5.0,2.0,1.0,7.0,3.5,6.0
2015-12-23,3.5,5.0,2.0,1.0,7.0,3.5,6.0
2015-12-24,4.0,5.0,2.0,1.0,7.0,3.0,6.0
2015-12-28,4.0,5.0,2.0,1.0,7.0,3.0,6.0
2015-12-29,4.0,5.0,1.0,2.0,7.0,3.0,6.0
2015-12-30,5.0,4.0,1.5,1.5,7.0,3.0,6.0
2015-12-31,5.0,4.0,2.0,1.0,7.0,3.0,6.0
2016-01-04,5.0,4.0,2.0,1.0,7.0,3.0,6.0
2016-01-05,5.0,4.0,2.0,1.0,7.0,3.0,6.0
2016-01-06,6.0,4.0,2.0,1.0,3.0,5.0,7.0
2016-01-07,6.0,4.0,2.0,1.0,3.0,5.0,7.0
2016-01-08,6.0,4.0,2.0,1.0,3.0,5.0,7.0
2016-01-11,6.0,4.0,2.0,1.0,3.0,5.0,7.0
2016-01-12,6.0,4.0,2.0,1.0,3.0,5.0,7.0
2016-01-13,6.0,4.0,2.0,1.0,3.0,5.0,7.0
2016-01-14,6.0,4.0,2.0,1.0,3.0,5.0,7.0
2016-01-15,6.0,5.0,1.5,1.5,3.0,4.0,7.0
2016-01-19,6.0,5.0,1.5,1.5,3.0,4.0,7.0
2016-01-20,6.0,5.0,1.5,1.5,3.0,4.0,7.0
2016-01-21,6.0,5.0,1.5,1.5,3.0,4.0,7.0
2016-01-22,6.0,5.0,1.5,1.5,3.0,4.0,7.0
2016-01-25,6.0,5.0,1.5,1.5,3.0,4.0,7.0
2016-01-26,6.0,5.0,1.5,1.5,3.0,4.0,7.0
2016-01-27,6.0,5.0,2.0,1.0,3.0,4.0,7.0
2016-01-28,6.0,5.0,2.0,1.0,3.0,4.0,7.0
2016-01-29,6.0,5.0,2.0,1.0,3.0,4.0,7.0
2016-02-01,6.0,5.0,2.0,1.0,3.0,4.0,7.0
2016-02-02,6.0,5.0,1.5,1.5,3.0,4.0,7.0
2016-02-03,6.0,5.0,1.5,1.5,3.0,4.0,7.0
2016-02-04,6.0,5.0,1.5,1.5,3.0,4.0,7.0
2016-02-05,6.0,5.0,1.5,1.5,3.0,4.0,7.0
2016-02-08,6.0,5.0,1.0,3.5,2.0,3.5,7.0
2016-02-09,6.0,5.0,1.5,3.5,1.5,3.5,7.0
2016-02-10,6.0,5.0,1.0,4.0,2.0,3.0,7.0
2016-02-11,6.0,5.0,1.0,4.0,2.0,3.0,7.0
2016-02-12,6.0,5.0,1.0,4.0,2.0,3.0,7.0
2016-02-16,6.0,5.0,1.0,4.0,2.0,3.0,7.0
2016-02-17,6.0,5.0,1.0,4.0,2.0,3.0,7.0
2016-02-18,6.0,5.0,1.0,4.0,2.0,3.0,7.0
2016-02-19,6.0,5.0,1.5,4.0,1.5,3.0,7.0
2016-02-22,7.0,6.0,1.0,4.0,2.0,3.0,5.0
2016-02-23,7.0,6.0,1.0,4.0,2.0,3.0,5.0
2016-02-24,7.0,6.0,1.0,4.0,2.0,3.0,5.0
2016-02-25,7.0,6.0,1.0,4.0,2.0,3.0,5.0
2016-02-26,7.0,6.0,1.0,3.0,2.0,4.5,4.5
2016-02-29,7.0,6.0,1.0,3.0,2.0,4.5,4.5
2016-03-01,7.0,5.0,1.0,3.0,2.0,6.0,4.0
2016-03-02,7.0,5.0,1.0,3.0,2.0,6.0,4.0
2016-03-03,7.0,5.0,1.0,3.0,2.0,6.0,4.0
2016-03-04,7.0,5.0,1.0,3.0,2.0,6.0,4.0
2016-03-07,4.0,5.5,1.0,5.5,2.0,7.0,3.0
2016-03-08,4.0,5.5,1.0,5.5,2.0,7.0,3.0
2016-03-09,4.0,5.5,1.0,5.5,2.0,7.0,3.0
2016-03-10,4.0,5.5,1.0,5.5,2.0,7.0,3.0
2016-03-11,4.0,5.5,1.0,5.5,2.0,7.0,3.0
2016-03-14,3.5,5.5,1.5,5.5,1.5,7.0,3.5
2016-03-15,3.5,5.5,1.5,5.5,1.5,7.0,3.5
2016-03-16,3.5,5.5,1.5,5.5,1.5,7.0,3.5
2016-03-17,3.5,5.5,1.5,5.5,1.5,7.0,3.5
2016-03-18,3.5,5.5,1.5,5.5,1.5,7.0,3.5
2016-03-21,3.5,5.5,1.5,5.5,1.5,7.0,3.5
2016-03-22,3.5,5.5,1.5,5.5,1.5,7.0,3.5
2016-03-23,3.5,5.5,1.5,5.5,1.5,7.0,3.5
2016-03-24,3.5,5.5,1.5,5.5,1.5,7.0,3.5
2016-03-28,3.5,5.5,1.5,5.5,1.5,7.0,3.5
2016-03-29,3.5,5.5,1.5,5.5,1.5,7.0,3.5
2016-03-30,3.5,5.5,1.5,5.5,1.5,7.0,3.5
2016-03-31,7.0,5.0,1.5,3.0,1.5,6.0,4.0
2016-04-01,7.0,5.0,1.5,3.0,1.5,6.0,4.0
2016-04-04,7.0,5.0,1.5,3.0,1.5,6.0,4.0
2016-04-05,7.0,5.0,1.5,3.0,1.5,6.0,4.0
2016-04-06,7.0,5.0,1.5,3.0,1.5,6.0,4.0
2016-04-07,7.0,5.0,1.5,3.0,1.5,6.0,4.0
2016-04-08,7.0,5.0,1.5,3.0,1.5,6.0,4.0
2016-04-11,7.0,5.0,1.5,3.0,1.5,6.0,4.0
2016-04-12,7.0,5.0,1.5,3.0,1.5,6.0,4.0
2016-04-13,7.0,5.0,1.5,3.0,1.5,6.0,4.0
2016-04-14,7.0,5.0,1.5,3.0,1.5,6.0,4.0
2016-04-15,7.0,5.0,1.5,3.0,1.5,6.0,4.0
2016-04-18,7.0,5.0,1.5,3.0,1.5,6.0,4.0
2016-04-19,7.0,5.0,1.5,3.0,1.5,6.0,4.0
2016-04-20,7.0,5.0,1.5,3.0,1.5,6.0,4.0
2016-04-21,7.0,5.0,1.5,3.0,1.5,6.0,4.0
2016-04-22,7.0,5.0,1.5,3.0,1.5,6.0,4.0
2016-04-25,7.0,5.0,1.5,3.0,1.5,6.0,4.0
2016-04-26,7.0,5.0,1.5,3.0,1.5,6.0,4.0
2016-04-27,7.0,5.0,1.5,3.0,1.5,6.0,4.0
2016-04-28,7.0,5.0,1.5,3.0,1.5,6.0,4.0
2016-04-29,7.0,5.0,1.5,3.0,1.5,6.0,4.0
2016-05-02,7.0,5.0,1.5,3.0,1.5,6.0,4.0
2016-05-03,7.0,5.0,1.5,3.0,1.5,6.0,4.0
2016-05-04,7.0,5.0,1.5,3.0,1.5,6.0,4.0
2016-05-05,7.0,5.0,1.5,3.0,1.5,6.0,4.0
2016-05-06,7.0,5.0,1.5,3.0,1.5,6.0,4.0
2016-05-09,7.0,5.0,1.5,3.0,1.5,6.0,4.0
2016-05-10,6.0,7.0,1.5,3.0,1.5,4.5,4.5
2016-05-11,6.0,7.0,1.5,3.0,1.5,4.5,4.5
2016-05-12,6.0,7.0,1.5,3.0,1.5,4.5,4.5
2016-05-13,6.0,7.0,1.5,3.0,1.5,4.5,4.5
2016-05-16,6.0,7.0,1.5,3.0,1.5,4.5,4.5
2016-05-17,6.0,7.0,1.5,3.0,1.5,4.5,4.5
2016-05-18,6.0,7.0,1.5,3.0,1.5,4.5,4.5
2016-05-19,6.0,7.0,1.5,3.0,1.5,4.5,4.5
2016-05-20,6.0,7.0,1.5,3.0,1.5,4.5,4.5
2016-05-23,6.0,7.0,1.5,3.0,1.5,4.5,4.5
2016-05-24,6.0,7.0,1.5,3.0,1.5,4.5,4.5
2016-05-25,6.0,7.0,1.5,3.0,1.5,4.5,4.5
2016-05-26,6.0,7.0,1.5,3.0,1.5,4.5,4.5
2016-05-27,6.0,7.0,1.5,3.0,1.5,4.5,4.5
2016-05-31,7.0,5.0,1.5,3.0,1.5,6.0,4.0
2016-06-01,7.0,5.0,1.5,3.0,1.5,6.0,4.0
2016-06-02,7.0,5.0,1.5,3.0,1.5,6.0,4.0
2016-06-03,7.0,5.0,1.5,3.0,1.5,6.0,4.0
2016-06-06,7.0,5.0,1.5,3.0,1.5,6.0,4.0
2016-06-07,7.0,5.0,1.5,3.0,1.5,6.0,4.0
2016-06-08,7.0,5.0,1.5,3.0,1.5,6.0,4.0
2016-06-09,7.0,5.0,1.5,3.0,1.5,6.0,4.0
2016-06-10,7.0,5.0,1.5,3.0,1.5,6.0,4.0
2016-06-13,7.0,5.0,1.5,3.0,1.5,6.0,4.0
2016-06-14,7.0,5.0,1.5,3.0,1.5,6.0,4.0
2016-06-15,7.0,5.0,1.5,3.0,1.5,6.0,4.0
2016-06-16,7.0,5.0,1.5,3.0,1.5,6.0,4.0
2016-06-17,7.0,5.0,1.5,3.0,1.5,6.0,4.0
2016-06-20,7.0,5.0,1.5,3.0,1.5,6.0,4.0
2016-06-21,7.0,5.0,1.5,3.0,1.5,6.0,4.0
2016-06-22,7.0,5.0,1.5,3.0,1.5,6.0,4.0
2016-06-23,7.0,5.0,1.5,3.0,1.5,6.0,4.0
2016-06-24,7.0,5.0,1.5,3.0,1.5,6.0,4.0
2016-06-27,7.0,5.0,1.5,3.0,1.5,6.0,4.0
2016-06-28,7.0,5.0,1.5,3.0,1.5,6.0,4.0
2016-06-29,7.0,5.0,1.5,3.0,1.5,6.0,4.0
2016-06-30,7.0,5.0,1.5,3.0,1.5,6.0,4.0
2016-07-01,6.0,7.0,1.5,3.0,1.5,4.5,4.5
2016-07-05,6.0,7.0,1.5,3.0,1.5,4.5,4.5
2016-07-06,6.0,7.0,1.5,3.0,1.5,4.5,4.5
2016-07-07,6.0,7.0,1.5,3.0,1.5,4.5,4.5
2016-07-08,6.0,7.0,1.5,3.0,1.5,4.5,4.5
2016-07-11,6.0,7.0,1.5,3.0,1.5,4.5,4.5
2016-07-12,6.0,7.0,1.5,3.0,1.5,4.5,4.5
2016-07-13,6.0,7.0,1.5,3.0,1.5,4.5,4.5
2016-07-14,6.0,7.0,1.5,3.0,1.5,4.5,4.5
2016-07-15,6.0,7.0,1.5,3.0,1.5,4.5,4.5
2016-07-18,6.0,7.0,1.5,3.0,1.5,4.5,4.5
2016-07-19,6.0,7.0,1.5,3.0,1.5,4.5,4.5
2016-07-20,6.0,7.0,1.5,3.0,1.5,4.5,4.5
2016-07-21,6.0,7.0,1.5,4.0,1.5,4.0,4.0
2016-07-22,6.5,6.5,2.0,3.0,1.0,5.0,4.0
2016-07-25,6.5,6.5,2.5,4.5,1.0,4.5,2.5
2016-07-26,6.5,6.5,2.5,4.5,1.0,4.5,2.5
2016-07-27,6.5,6.5,2.5,4.5,1.0,4.5,2.5
2016-07-28,6.5,6.5,2.5,4.5,1.0,4.5,2.5
2016-07-29,6.5,6.5,2.5,4.5,1.0,4.5,2.5
2016-08-01,7.0,5.5,4.0,5.5,1.0,3.0,2.0
2016-08-02,7.0,5.5,3.5,5.5,1.5,3.5,1.5
2016-08-03,7.0,5.5,3.5,5.5,1.5,3.5,1.5
2016-08-04,7.0,5.5,3.5,5.5,1.5,3.5,1.5
2016-08-05,7.0,5.5,3.5,5.5,1.5,3.5,1.5
2016-08-08,7.0,5.5,3.5,5.5,1.5,3.5,1.5
2016-08-09,6.0,5.0,7.0,3.0,1.5,4.0,1.5
2016-08-10,6.0,5.0,7.0,3.0,1.5,4.0,1.5
2016-08-11,6.0,5.0,7.0,3.0,1.5,4.0,1.5
2016-08-12,6.0,5.0,7.0,3.0,1.5,4.0,1.5
2016-08-15,7.0,4.5,6.0,3.0,1.5,4.5,1.5
2016-08-16,7.0,4.5,6.0,3.0,1.5,4.5,1.5
2016-08-17,7.0,4.5,6.0,3.0,1.5,4.5,1.5
2016-08-18,7.0,5.0,6.0,3.5,1.5,3.5,1.5
2016-08-19,7.0,5.0,6.0,3.5,1.5,3.5,1.5
2016-08-22,7.0,4.5,6.0,4.5,1.5,3.0,1.5
2016-08-23,7.0,4.5,6.0,4.5,1.5,3.0,1.5
2016-08-24,7.0,4.5,6.0,4.5,1.5,3.0,1.5
2016-08-25,7.0,4.5,6.0,4.5,2.0,3.0,1.0
2016-08-26,7.0,4.5,6.0,4.5,2.0,3.0,1.0
2016-08-29,7.0,4.5,6.0,4.5,2.0,3.0,1.0
2016-08-30,7.0,4.5,6.0,4.5,2.0,3.0,1.0
2016-08-31,7.0,4.5,6.0,4.5,2.0,3.0,1.0
2016-09-01,7.0,4.5,6.0,4.5,2.0,3.0,1.0
2016-09-02,7.0,4.5,6.0,4.5,2.0,3.0,1.0
2016-09-06,7.0,4.5,6.0,4.5,2.0,3.0,1.0
2016-09-07,7.0,4.5,6.0,4.5,2.0,3.0,1.0
2016-09-08,7.0,4.5,6.0,4.5,2.0,3.0,1.0
2016-09-09,7.0,4.5,6.0,4.5,2.0,3.0,1.0
2016-09-12,7.0,4.5,6.0,4.5,2.0,3.0,1.0
2016-09-13,7.0,4.5,6.0,4.5,2.0,3.0,1.0
2016-09-14,7.0,4.5,6.0,4.5,2.0,3.0,1.0
2016-09-15,7.0,4.5,6.0,4.5,2.0,3.0,1.0
2016-09-16,7.0,4.5,6.0,4.5,2.0,3.0,1.0
2016-09-19,7.0,4.5,6.0,4.5,2.0,3.0,1.0
2016-09-20,7.0,4.5,6.0,4.5,2.0,3.0,1.0
2016-09-21,7.0,6.0,5.0,4.0,2.0,3.0,1.0
2016-09-22,7.0,4.5,6.0,4.5,2.0,3.0,1.0
2016-09-23,6.0,4.5,7.0,4.5,2.0,3.0,1.0
2016-09-26,6.0,4.5,7.0,4.5,2.0,3.0,1.0
2016-09-27,6.0,4.0,7.0,4.0,2.0,4.0,1.0
2016-09-28,6.0,4.0,7.0,4.0,2.0,4.0,1.0
2016-09-29,6.0,4.0,7.0,4.0,2.0,4.0,1.0
2016-09-30,6.0,4.0,7.0,4.0,2.0,4.0,1.0
2016-10-03,1.5,5.0,7.0,5.0,1.5,5.0,3.0
2016-10-04,1.5,6.0,7.0,5.0,1.5,3.0,4.0
2016-10-05,1.5,6.0,7.0,5.0,1.5,3.0,4.0
2016-10-06,1.5,6.0,7.0,5.0,1.5,3.0,4.0
2016-10-07,1.5,7.0,6.0,4.5,1.5,4.5,3.0
2016-10-10,1.5,7.0,4.5,4.5,1.5,4.5,4.5
2016-10-11,1.5,7.0,4.5,4.5,1.5,4.5,4.5
2016-10-12,1.5,7.0,4.5,4.5,1.5,4.5,4.5
2016-10-13,1.5,7.0,4.5,4.5,1.5,6.0,3.0
2016-10-14,1.5,7.0,4.5,4.5,1.5,6.0,3.0
2016-10-17,1.5,7.0,4.5,4.5,1.5,6.0,3.0
2016-10-18,1.5,7.0,4.5,4.5,1.5,6.0,3.0
2016-10-19,1.5,7.0,4.5,4.5,1.5,6.0,3.0
2016-10-20,1.5,6.5,4.5,4.5,1.5,6.5,3.0
2016-10-21,1.5,6.5,4.5,4.5,1.5,6.5,3.0
2016-10-24,1.5,6.0,4.0,4.0,1.5,7.0,4.0
2016-10-25,1.5,6.0,4.0,4.0,1.5,7.0,4.0
2016-10-26,1.5,6.0,4.0,4.0,1.5,7.0,4.0
2016-10-27,1.5,6.0,4.0,4.0,1.5,7.0,4.0
2016-10-28,5.0,6.0,1.0,3.5,2.0,7.0,3.5
2016-10-31,4.0,5.0,1.0,6.0,2.0,7.0,3.0
2016-11-01,4.0,5.5,1.0,7.0,2.0,5.5,3.0
2016-11-02,5.0,6.0,1.0,7.0,2.0,4.0,3.0
2016-11-03,5.0,6.0,1.0,7.0,2.0,4.0,3.0
2016-11-04,5.0,6.0,1.0,7.0,2.0,4.0,3.0
2016-11-07,5.0,6.0,1.0,7.0,2.0,4.0,3.0
2016-11-08,5.0,6.0,1.0,7.0,2.0,4.0,3.0
2016-11-09,5.0,6.0,1.0,7.0,2.0,4.0,3.0
2016-11-10,4.0,5.5,1.0,7.0,2.0,5.5,3.0
2016-11-11,4.0,5.5,1.0,7.0,2.0,5.5,3.0
2016-11-14,4.0,5.5,1.0,7.0,2.0,5.5,3.0
2016-11-15,4.0,5.5,1.0,7.0,2.0,5.5,3.0
2016-11-16,4.0,5.5,1.0,7.0,2.0,5.5,3.0
2016-11-17,4.0,5.5,1.0,7.0,2.0,5.5,3.0
2016-11-18,4.0,5.5,1.0,7.0,2.0,5.5,3.0
2016-11-21,4.0,5.5,1.0,7.0,2.0,5.5,3.0
2016-11-22,4.0,5.5,1.0,7.0,2.0,5.5,3.0
2016-11-23,4.0,5.5,1.0,7.0,2.0,5.5,3.0
2016-11-25,4.0,5.5,1.0,7.0,2.0,5.5,3.0
2016-11-28,4.0,5.5,1.0,7.0,2.0,5.5,3.0
2016-11-29,4.0,5.5,1.0,7.0,2.0,5.5,3.0
2016-11-30,4.0,5.5,1.0,7.0,2.0,5.5,3.0
2016-12-01,4.0,5.5,1.0,7.0,2.0,5.5,3.0
2016-12-02,4.0,5.5,1.0,7.0,2.0,5.5,3.0
2016-12-05,4.0,5.5,1.0,7.0,2.0,5.5,3.0
2016-12-06,5.0,4.0,1.0,7.0,2.0,6.0,3.0
2016-12-07,5.0,4.0,1.0,7.0,2.0,6.0,3.0
2016-12-08,5.0,4.0,1.0,7.0,2.0,6.0,3.0
2016-12-09,5.0,4.0,1.0,7.0,2.0,6.0,3.0
2016-12-12,5.0,4.0,1.0,7.0,2.0,6.0,3.0
2016-12-13,5.0,4.0,1.0,7.0,2.0,6.0,3.0
2016-12-14,5.0,4.0,1.0,7.0,2.0,6.0,3.0
2016-12-15,5.0,4.0,1.0,7.0,2.0,6.0,3.0
2016-12-16,5.0,4.0,1.0,7.0,2.0,6.0,3.0
2016-12-19,1.5,4.5,4.5,7.0,1.5,6.0,3.0
2016-12-20,1.5,4.5,4.5,7.0,1.5,6.0,3.0
2016-12-21,1.5,4.5,4.5,7.0,1.5,6.0,3.0
2016-12-22,5.0,4.0,1.0,7.0,2.0,6.0,3.0
2016-12-23,5.0,4.0,1.0,7.0,2.0,6.0,3.0
2016-12-27,5.0,4.0,1.0,7.0,2.0,6.0,3.0
2016-12-28,5.0,4.0,1.0,7.0,2.0,6.0,3.0
2016-12-29,5.0,4.0,1.0,7.0,2.0,6.0,3.0
2016-12-30,5.0,4.0,1.0,7.0,2.0,6.0,3.0
2017-01-03,5.0,4.0,1.0,7.0,2.0,6.0,3.0
2017-01-04,1.5,4.5,4.5,7.0,1.5,6.0,3.0
2017-01-05,1.5,4.5,4.5,7.0,1.5,6.0,3.0
2017-01-06,1.5,4.5,4.5,7.0,1.5,6.0,3.0
2017-01-09,1.5,4.5,4.5,7.0,1.5,6.0,3.0
2017-01-10,1.5,4.5,4.5,7.0,1.5,6.0,3.0
2017-01-11,1.5,4.5,4.5,7.0,1.5,6.0,3.0
2017-01-12,1.5,4.5,4.5,7.0,1.5,6.0,3.0
2017-01-13,1.5,4.5,4.5,7.0,1.5,6.0,3.0
2017-01-17,1.5,4.5,4.5,7.0,1.5,6.0,3.0
2017-01-18,1.5,4.5,4.5,7.0,1.5,6.0,3.0
2017-01-19,1.5,4.5,4.5,7.0,1.5,6.0,3.0
2017-01-20,1.5,4.5,4.5,7.0,1.5,6.0,3.0
2017-01-23,2.0,3.0,4.5,6.0,7.0,4.5,1.0
2017-01-24,2.0,3.0,4.0,6.0,7.0,5.0,1.0
2017-01-25,2.0,3.0,4.0,6.0,7.0,5.0,1.0
2017-01-26,2.0,3.0,4.0,6.0,7.0,5.0,1.0
2017-01-27,2.0,3.0,4.0,6.0,7.0,5.0,1.0
2017-01-30,2.0,3.0,4.0,6.0,7.0,5.0,1.0
2017-01-31,2.0,3.0,4.0,6.0,7.0,5.0,1.0
2017-02-01,2.0,3.0,4.0,6.0,7.0,5.0,1.0
2017-02-02,2.0,3.0,4.0,6.0,7.0,5.0,1.0
2017-02-03,2.0,3.0,4.0,6.0,7.0,5.0,1.0
2017-02-06,1.5,4.0,3.0,6.0,7.0,5.0,1.5
2017-02-07,3.5,3.5,6.0,7.0,2.0,5.0,1.0
2017-02-08,3.5,3.5,6.0,7.0,2.0,5.0,1.0
2017-02-09,3.5,3.5,6.0,7.0,2.0,5.0,1.0
2017-02-10,3.5,3.5,6.0,7.0,2.0,5.0,1.0
2017-02-13,3.5,3.5,6.0,7.0,2.0,5.0,1.0
2017-02-14,3.5,3.5,6.0,7.0,2.0,5.0,1.0
2017-02-15,3.5,3.5,6.0,7.0,2.0,5.0,1.0
2017-02-16,3.5,3.5,6.0,7.0,2.0,5.0,1.0
2017-02-17,3.5,3.5,6.0,7.0,2.0,5.0,1.0
2017-02-21,3.5,3.5,6.0,7.0,2.0,5.0,1.0
2017-02-22,3.5,3.5,6.0,7.0,2.0,5.0,1.0
2017-02-23,3.5,3.5,6.0,7.0,2.0,5.0,1.0
2017-02-24,3.5,3.5,6.0,7.0,2.0,5.0,1.0
2017-02-27,3.5,3.5,6.0,7.0,2.0,5.0,1.0
2017-02-28,3.5,3.5,6.0,7.0,2.0,5.0,1.0
2017-03-01,3.5,3.5,6.0,7.0,2.0,5.0,1.0
2017-03-02,3.5,3.5,6.0,7.0,2.0,5.0,1.0
2017-03-03,3.5,3.5,6.0,7.0,2.0,5.0,1.0
2017-03-06,3.5,3.5,6.0,7.0,2.0,5.0,1.0
2017-03-07,3.5,3.5,6.0,7.0,2.0,5.0,1.0
2017-03-08,4.0,4.0,4.0,7.0,2.0,6.0,1.0
2017-03-09,4.0,4.0,4.0,7.0,2.0,6.0,1.0
2017-03-10,4.0,4.0,4.0,7.0,2.0,6.0,1.0
2017-03-13,4.0,4.0,4.0,7.0,2.0,6.0,1.0
2017-03-14,4.0,4.0,4.0,7.0,2.0,6.0,1.0
2017-03-15,4.0,4.0,4.0,7.0,2.0,6.0,1.0
2017-03-16,4.0,4.0,4.0,7.0,2.0,6.0,1.0
2017-03-17,4.0,4.0,4.0,7.0,2.0,6.0,1.0
2017-03-20,4.0,4.0,4.0,7.0,2.0,6.0,1.0
2017-03-21,4.0,4.0,4.0,7.0,2.0,6.0,1.0
2017-03-22,4.0,6.0,3.0,7.0,2.0,5.0,1.0
2017-03-23,4.0,6.0,3.0,7.0,2.0,5.0,1.0
2017-03-24,4.0,6.0,3.0,7.0,2.0,5.0,1.0
2017-03-27,4.0,6.0,3.0,7.0,2.0,5.0,1.0
2017-03-28,4.0,6.0,3.0,7.0,2.0,5.0,1.0
2017-03-29,4.0,6.0,3.0,7.0,2.0,5.0,1.0
2017-03-30,4.0,5.0,1.5,7.0,3.0,6.0,1.5
2017-03-31,4.0,5.0,1.5,7.0,3.0,6.0,1.5
2017-04-03,3.0,5.0,1.0,7.0,2.0,6.0,4.0
2017-04-04,3.0,5.0,1.0,7.0,2.0,6.0,4.0
2017-04-05,3.0,5.0,1.0,7.0,2.0,6.0,4.0
2017-04-06,3.0,5.0,1.0,7.0,2.0,6.0,4.0
2017-04-07,3.0,5.0,1.0,7.0,2.0,6.0,4.0
2017-04-10,3.0,5.0,1.0,7.0,2.0,6.0,4.0
2017-04-11,2.0,5.0,1.0,7.0,3.0,6.0,4.0
2017-04-12,2.0,5.0,1.0,7.0,3.0,6.0,4.0
2017-04-13,1.5,4.0,1.5,6.0,3.0,7.0,5.0
2017-04-17,1.0,4.0,2.0,6.0,3.0,7.0,5.0
2017-04-18,1.0,4.0,2.0,6.0,3.0,7.0,5.0
2017-04-19,1.0,4.0,2.5,6.0,2.5,7.0,5.0
2017-04-20,1.0,4.0,2.5,6.0,2.5,7.0,5.0
2017-04-21,3.5,3.5,1.5,5.5,1.5,7.0,5.5
2017-04-24,3.0,4.5,1.5,4.5,1.5,7.0,6.0
2017-04-25,4.0,4.0,1.5,4.0,1.5,7.0,6.0
2017-04-26,4.0,4.0,1.5,4.0,1.5,7.0,6.0
2017-04-27,5.0,3.5,1.0,3.5,2.0,7.0,6.0
2017-04-28,1.5,4.0,4.0,4.0,1.5,7.0,6.0
2017-05-01,1.5,4.0,4.0,4.0,1.5,7.0,6.0
2017-05-02,1.5,4.0,4.0,4.0,1.5,7.0,6.0
2017-05-03,1.5,4.5,3.0,4.5,1.5,7.0,6.0
2017-05-04,1.5,4.5,3.0,4.5,1.5,7.0,6.0
2017-05-05,1.5,4.5,3.0,4.5,1.5,7.0,6.0
2017-05-08,1.5,4.5,3.0,4.5,1.5,7.0,6.0
2017-05-09,1.5,6.0,3.0,4.0,1.5,5.0,7.0
2017-05-10,1.5,6.0,3.0,4.0,1.5,5.0,7.0
2017-05-11,1.5,6.0,3.0,4.0,1.5,5.0,7.0
2017-05-12,1.5,6.0,3.0,4.0,1.5,5.0,7.0
2017-05-15,1.5,4.5,3.0,4.5,1.5,6.0,7.0
2017-05-16,1.5,4.0,4.0,4.0,1.5,6.0,7.0
2017-05-17,1.5,4.0,4.0,4.0,1.5,6.0,7.0
2017-05-18,1.5,4.0,4.0,4.0,1.5,6.0,7.0
2017-05-19,1.5,4.0,4.0,4.0,1.5,6.0,7.0
2017-05-22,1.5,4.0,4.0,4.0,1.5,6.0,7.0
2017-05-23,1.5,4.0,4.0,4.0,1.5,6.0,7.0
2017-05-24,1.5,4.0,4.0,4.0,1.5,6.0,7.0
2017-05-25,1.5,5.5,3.5,3.5,1.5,5.5,7.0
2017-05-26,1.5,5.5,3.5,3.5,1.5,5.5,7.0
2017-05-30,1.5,5.5,3.5,3.5,1.5,5.5,7.0
2017-05-31,1.5,5.5,3.5,3.5,1.5,5.5,7.0
2017-06-01,1.5,5.5,3.5,3.5,1.5,5.5,7.0
2017-06-02,1.5,5.5,3.5,3.5,1.5,5.5,7.0
2017-06-05,1.5,5.5,3.5,3.5,1.5,5.5,7.0
2017-06-06,1.5,5.0,4.0,7.0,1.5,3.0,6.0
2017-06-07,1.5,5.0,4.0,7.0,1.5,3.0,6.0
2017-06-08,1.5,5.0,4.0,7.0,1.5,3.0,6.0
2017-06-09,1.5,6.0,4.5,7.0,1.5,3.0,4.5
2017-06-12,1.5,6.0,4.5,7.0,1.5,3.0,4.5
2017-06-13,1.5,6.0,4.5,7.0,1.5,3.0,4.5
2017-06-14,1.5,5.0,5.0,7.0,1.5,3.0,5.0
2017-06-15,1.5,5.0,5.0,7.0,1.5,3.0,5.0
2017-06-16,1.5,5.0,5.0,7.0,1.5,3.0,5.0
2017-06-19,1.5,5.0,5.0,7.0,1.5,3.0,5.0
2017-06-20,1.5,5.0,5.0,7.0,1.5,3.0,5.0
2017-06-21,1.5,5.0,5.0,7.0,1.5,3.0,5.0
2017-06-22,1.5,4.5,4.5,7.0,1.5,4.5,4.5
2017-06-23,1.5,4.5,4.5,7.0,1.5,4.5,4.5
2017-06-26,1.5,4.5,4.5,7.0,1.5,4.5,4.5
2017-06-27,1.5,4.5,4.5,7.0,1.5,4.5,4.5
2017-06-28,1.5,4.5,4.5,7.0,1.5,4.5,4.5
2017-06-29,1.5,4.5,4.5,7.0,1.5,4.5,4.5
2017-06-30,1.5,4.5,4.5,7.0,1.5,4.5,4.5
2017-07-03,1.5,4.5,4.5,7.0,1.5,4.5,4.5
2017-07-05,1.5,4.5,4.5,7.0,1.5,4.5,4.5
2017-07-06,1.5,4.5,4.5,7.0,1.5,4.5,4.5
2017-07-07,1.5,4.5,4.5,7.0,1.5,4.5,4.5
2017-07-10,1.5,4.5,4.5,7.0,1.5,4.5,4.5
2017-07-11,1.5,4.5,4.5,7.0,1.5,4.5,4.5
2017-07-12,1.5,4.5,4.5,7.0,1.5,4.5,4.5
2017-07-13,1.5,4.5,4.5,7.0,1.5,4.5,4.5
2017-07-14,1.5,4.5,4.5,7.0,1.5,4.5,4.5
2017-07-17,1.5,4.5,4.5,7.0,1.5,4.5,4.5
2017-07-18,1.5,4.5,4.5,7.0,1.5,4.5,4.5
2017-07-19,1.5,4.5,4.5,7.0,1.5,4.5,4.5
2017-07-20,1.5,4.5,4.5,7.0,1.5,4.5,4.5
2017-07-21,1.5,4.5,4.5,7.0,1.5,4.5,4.5
2017-07-24,1.5,4.5,4.5,7.0,1.5,4.5,4.5
2017-07-25,1.5,4.5,4.5,7.0,1.5,4.5,4.5
2017-07-26,2.0,4.0,4.0,7.0,6.0,1.0,4.0
2017-07-27,2.0,4.0,5.0,6.0,7.0,1.0,3.0
2017-07-28,1.5,3.0,5.0,7.0,6.0,1.5,4.0
2017-07-31,1.5,5.0,3.5,7.0,6.0,1.5,3.5
2017-08-01,1.5,5.0,3.5,7.0,6.0,1.5,3.5
2017-08-02,2.0,5.0,3.5,7.0,6.0,1.0,3.5
2017-08-03,1.5,5.0,3.5,7.0,6.0,1.5,3.5
2017-08-04,1.5,4.0,6.0,7.0,5.0,1.5,3.0
2017-08-07,4.5,4.5,6.0,7.0,2.0,1.0,3.0
2017-08-08,4.5,4.5,6.0,7.0,2.0,1.0,3.0
2017-08-09,4.5,4.5,6.0,7.0,2.0,1.0,3.0
2017-08-10,1.5,4.0,6.0,7.0,5.0,1.5,3.0
2017-08-11,2.0,5.0,3.5,7.0,6.0,1.0,3.5
2017-08-14,2.0,5.0,3.5,7.0,6.0,1.0,3.5
2017-08-15,2.0,5.0,3.5,7.0,6.0,1.0,3.5
2017-08-16,2.0,5.0,3.5,7.0,6.0,1.0,3.5
2017-08-17,2.0,5.0,3.5,7.0,6.0,1.0,3.5
2017-08-18,1.5,4.0,6.0,7.0,5.0,1.5,3.0
2017-08-21,4.5,4.5,6.0,7.0,2.0,1.0,3.0
2017-08-22,4.5,4.5,6.0,7.0,2.0,1.0,3.0
2017-08-23,4.5,4.5,6.0,7.0,2.0,1.0,3.0
2017-08-24,4.5,4.5,6.0,7.0,2.0,1.0,3.0
2017-08-25,4.5,4.5,6.0,7.0,2.0,1.0,3.0
2017-08-28,4.5,4.5,6.0,7.0,2.0,1.0,3.0
2017-08-29,4.5,4.5,6.0,7.0,2.0,1.0,3.0
2017-08-30,4.5,4.5,6.0,7.0,2.0,1.0,3.0
2017-08-31,4.5,4.5,6.0,7.0,2.0,1.0,3.0
2017-09-01,4.5,4.5,6.0,7.0,2.0,1.0,3.0
2017-09-05,4.5,4.5,6.0,7.0,2.0,1.0,3.0
2017-09-06,4.5,4.5,6.0,7.0,2.0,1.0,3.0
2017-09-07,4.5,4.5,6.0,7.0,2.0,1.0,3.0
2017-09-08,4.5,4.5,6.0,7.0,2.0,1.0,3.0
2017-09-11,4.5,4.5,6.0,7.0,2.0,1.0,3.0
2017-09-12,4.5,4.5,6.0,7.0,2.0,1.0,3.0
2017-09-13,4.5,4.5,6.0,7.0,2.0,1.0,3.0
2017-09-14,4.5,4.5,6.0,7.0,2.0,1.0,3.0
2017-09-15,4.5,4.5,6.0,7.0,2.0,1.0,3.0
2017-09-18,4.5,4.5,6.0,7.0,2.0,1.0,3.0
2017-09-19,4.5,4.5,6.0,7.0,2.0,1.0,3.0
2017-09-20,4.5,4.5,6.0,7.0,2.0,1.0,3.0
2017-09-21,4.5,4.5,6.0,7.0,2.0,1.0,3.0
2017-09-22,4.0,4.0,6.0,7.0,2.0,4.0,1.0
2017-09-25,4.0,4.0,6.0,7.0,2.0,4.0,1.0
2017-09-26,4.5,4.5,4.5,7.0,2.0,4.5,1.0
2017-09-27,4.5,4.5,4.5,7.0,2.0,4.5,1.0
2017-09-28,4.5,4.5,2.0,7.0,3.0,6.0,1.0
2017-09-29,3.5,3.5,1.0,5.0,2.0,7.0,6.0
2017-10-02,4.0,3.0,1.0,5.0,2.0,7.0,6.0
2017-10-03,4.0,3.0,1.0,5.0,2.0,7.0,6.0
2017-10-04,4.0,3.0,1.0,5.0,2.0,7.0,6.0
2017-10-05,4.0,3.0,1.0,5.0,2.0,7.0,6.0
2017-10-06,4.0,3.0,1.0,5.0,2.0,7.0,6.0
2017-10-09,4.0,3.0,1.0,5.0,2.0,7.0,6.0
2017-10-10,4.0,2.0,1.0,6.0,3.0,7.0,5.0
2017-10-11,4.5,2.0,1.0,6.0,3.0,7.0,4.5
2017-10-12,4.5,2.0,1.0,6.0,3.0,7.0,4.5
2017-10-13,4.5,2.0,1.0,6.0,3.0,7.0,4.5
2017-10-16,4.0,1.5,1.5,7.0,3.0,6.0,5.0
2017-10-17,4.0,2.0,1.0,7.0,3.0,6.0,5.0
2017-10-18,4.0,2.0,1.0,7.0,3.0,6.0,5.0
2017-10-19,4.5,3.0,1.0,7.0,2.0,4.5,6.0
2017-10-20,6.0,2.0,1.0,7.0,3.0,4.0,5.0
2017-10-23,7.0,2.0,1.0,6.0,3.0,4.0,5.0
2017-10-24,7.0,2.0,1.0,6.0,3.0,4.0,5.0
2017-10-25,6.0,2.0,1.0,7.0,3.0,4.0,5.0
2017-10-26,6.0,2.0,1.0,7.0,3.0,4.0,5.0
2017-10-27,6.0,2.0,1.0,7.0,3.0,4.0,5.0
2017-10-30,6.0,2.0,1.0,7.0,3.0,4.0,5.0
2017-10-31,6.0,2.0,1.0,7.0,3.0,4.0,5.0
2017-11-01,5.0,5.0,1.0,7.0,2.0,3.0,5.0
2017-11-02,5.0,5.0,1.0,7.0,2.0,3.0,5.0
2017-11-03,6.0,4.5,1.0,7.0,2.0,3.0,4.5
2017-11-06,6.0,4.5,1.0,7.0,2.0,3.0,4.5
2017-11-07,6.0,4.5,1.0,7.0,2.0,3.0,4.5
2017-11-08,6.0,4.5,1.0,7.0,2.0,3.0,4.5
2017-11-09,1.5,5.5,3.5,7.0,1.5,3.5,5.5
2017-11-10,1.5,5.5,3.5,7.0,1.5,3.5,5.5
2017-11-13,1.5,5.5,3.5,7.0,1.5,3.5,5.5
2017-11-14,1.5,5.5,3.5,7.0,1.5,3.5,5.5
2017-11-15,1.5,5.5,3.5,7.0,1.5,3.5,5.5
2017-11-16,1.5,5.5,3.5,7.0,1.5,3.5,5.5
2017-11-17,1.5,5.5,3.5,7.0,1.5,3.5,5.5
2017-11-20,1.5,5.5,3.5,7.0,1.5,3.5,5.5
2017-11-21,2.0,4.5,3.0,7.0,6.0,1.0,4.5
2017-11-22,2.0,5.0,3.5,7.0,6.0,1.0,3.5
2017-11-24,2.0,5.0,3.5,7.0,6.0,1.0,3.5
2017-11-27,2.0,5.0,3.5,6.0,7.0,1.0,3.5
2017-11-28,3.0,5.0,2.0,6.0,7.0,1.0,4.0
2017-11-29,3.0,4.5,1.0,6.0,7.0,2.0,4.5
2017-11-30,3.0,4.5,1.0,6.0,7.0,2.0,4.5
2017-12-01,3.0,4.5,1.0,6.0,7.0,2.0,4.5
2017-12-04,3.0,4.5,1.0,6.0,7.0,2.0,4.5
2017-12-05,3.0,4.5,1.0,6.0,7.0,2.0,4.5
2017-12-06,3.0,4.5,1.0,6.0,7.0,2.0,4.5
2017-12-07,2.0,4.5,1.0,6.0,7.0,3.0,4.5
2017-12-08,2.0,4.5,1.0,6.0,7.0,3.0,4.5
2017-12-11,2.0,4.5,1.0,6.0,7.0,3.0,4.5
2017-12-12,2.0,4.5,1.0,6.0,7.0,3.0,4.5
2017-12-13,2.0,4.0,1.0,6.5,6.5,4.0,4.0
2017-12-14,2.0,5.0,1.0,7.0,6.0,3.0,4.0
2017-12-15,2.0,6.0,1.0,7.0,4.0,3.0,5.0
2017-12-18,2.0,3.5,1.0,7.0,5.0,3.5,6.0
2017-12-19,4.0,4.0,1.0,7.0,2.0,4.0,6.0
2017-12-20,4.0,4.0,1.0,7.0,2.0,4.0,6.0
2017-12-21,4.5,4.5,1.0,7.0,2.0,4.5,4.5
2017-12-22,4.5,4.5,1.0,7.0,2.0,4.5,4.5
2017-12-26,4.5,3.0,1.0,7.0,2.0,4.5,6.0
2017-12-27,4.5,3.0,1.0,7.0,2.0,4.5,6.0
2017-12-28,5.0,3.0,1.0,7.0,2.0,4.0,6.0
2017-12-29,5.0,3.0,1.0,7.0,2.0,4.0,6.0
2018-01-02,4.0,1.5,1.5,7.0,3.0,5.0,6.0
2018-01-03,4.0,1.5,1.5,7.0,3.0,5.0,6.0
2018-01-04,4.0,1.5,1.5,7.0,3.0,5.0,6.0
2018-01-05,1.5,3.0,1.5,7.0,5.0,6.0,4.0
2018-01-08,1.5,3.0,1.5,7.0,5.0,6.0,4.0
2018-01-09,1.5,3.0,1.5,7.0,5.0,6.0,4.0
2018-01-10,4.5,3.0,1.0,7.0,2.0,6.0,4.5
2018-01-11,4.5,3.0,1.0,7.0,2.0,6.0,4.5
2018-01-12,4.5,3.0,1.0,7.0,2.0,6.0,4.5
2018-01-16,4.5,3.0,1.0,7.0,2.0,6.0,4.5
2018-01-17,4.5,3.0,1.0,7.0,2.0,6.0,4.5
2018-01-18,4.0,3.0,1.0,7.0,2.0,6.0,5.0
2018-01-19,4.0,3.0,1.0,7.0,2.0,6.0,5.0
2018-01-22,4.0,3.0,1.0,7.0,2.0,6.0,5.0
2018-01-23,4.0,3.0,1.0,7.0,2.0,6.0,5.0
2018-01-24,4.0,3.0,1.0,7.0,2.0,6.0,5.0
2018-01-25,4.0,3.0,1.5,7.0,1.5,6.0,5.0
2018-01-26,4.0,3.0,1.5,7.0,1.5,6.0,5.0
2018-01-29,4.0,3.0,1.5,7.0,1.5,6.0,5.0
2018-01-30,5.0,4.0,2.5,7.0,2.5,6.0,1.0
2018-01-31,5.0,4.0,2.5,7.0,2.5,6.0,1.0
2018-02-01,5.0,4.0,2.5,7.0,2.5,6.0,1.0
2018-02-02,5.0,4.0,2.5,7.0,2.5,6.0,1.0
2018-02-05,5.0,4.0,2.5,7.0,2.5,6.0,1.0
2018-02-06,5.0,4.0,2.5,7.0,2.5,6.0,1.0
2018-02-07,5.0,4.0,2.5,7.0,2.5,6.0,1.0
2018-02-08,5.0,4.0,2.5,7.0,2.5,6.0,1.0
2018-02-09,5.0,4.0,2.5,7.0,2.5,6.0,1.0
2018-02-12,6.0,4.0,2.5,7.0,2.5,5.0,1.0
2018-02-13,6.0,4.0,2.5,7.0,2.5,5.0,1.0
2018-02-14,6.5,4.0,2.5,6.5,2.5,5.0,1.0
2018-02-15,6.5,4.0,2.5,6.5,2.5,5.0,1.0
2018-02-16,7.0,4.0,2.5,6.0,2.5,5.0,1.0
2018-02-20,7.0,4.0,2.5,6.0,2.5,5.0,1.0
2018-02-21,7.0,4.0,2.5,6.0,2.5,5.0,1.0
2018-02-22,7.0,4.0,1.5,5.0,1.5,6.0,3.0
2018-02-23,7.0,4.0,1.5,5.0,1.5,6.0,3.0
2018-02-26,7.0,4.0,1.5,5.0,1.5,6.0,3.0
2018-02-27,7.0,4.0,1.5,5.0,1.5,6.0,3.0
2018-02-28,7.0,4.0,1.5,5.0,1.5,6.0,3.0
2018-03-01,7.0,4.0,1.5,5.0,1.5,6.0,3.0
2018-03-02,7.0,4.0,1.5,5.0,1.5,6.0,3.0
2018-03-05,7.0,4.0,1.5,5.0,1.5,6.0,3.0
2018-03-06,7.0,4.0,1.5,5.0,1.5,6.0,3.0
2018-03-07,7.0,3.0,1.5,4.5,1.5,6.0,4.5
2018-03-08,7.0,3.0,1.5,4.5,1.5,6.0,4.5
2018-03-09,7.0,3.0,1.5,4.5,1.5,6.0,4.5
2018-03-12,7.0,3.0,1.5,4.5,1.5,6.0,4.5
2018-03-13,7.0,3.0,1.5,4.5,1.5,6.0,4.5
2018-03-14,7.0,3.0,2.0,1.0,5.0,6.0,4.0
2018-03-15,6.0,3.0,1.5,1.5,7.0,5.0,4.0
2018-03-16,6.0,3.0,1.5,1.5,7.0,5.0,4.0
2018-03-19,6.0,3.0,1.0,2.0,7.0,5.0,4.0
2018-03-20,6.0,3.0,1.0,2.0,7.0,5.0,4.0
2018-03-21,6.0,3.0,1.0,2.0,7.0,5.0,4.0
2018-03-22,7.0,4.5,4.5,1.5,1.5,4.5,4.5
2018-03-23,7.0,4.0,4.0,1.5,1.5,4.0,6.0
2018-03-26,7.0,4.0,4.0,1.5,1.5,4.0,6.0
2018-03-27,7.0,4.5,4.5,1.5,1.5,4.5,4.5
2018-03-28,7.0,4.5,4.5,1.5,1.5,4.5,4.5
2018-03-29,7.0,4.5,4.5,1.5,1.5,4.5,4.5
2018-04-02,7.0,4.5,4.5,1.5,1.5,4.5,4.5
2018-04-03,7.0,5.0,3.0,1.5,1.5,5.0,5.0
2018-04-04,7.0,5.0,3.0,1.5,1.5,5.0,5.0
2018-04-05,7.0,5.0,3.0,1.5,1.5,5.0,5.0
2018-04-06,7.0,5.0,3.0,1.5,1.5,5.0,5.0
2018-04-09,7.0,5.0,3.0,1.5,1.5,5.0,5.0
2018-04-10,7.0,5.0,3.0,1.5,1.5,5.0,5.0
2018-04-11,7.0,3.0,6.0,1.5,1.5,4.5,4.5
2018-04-12,7.0,3.0,6.0,1.5,1.5,4.5,4.5
2018-04-13,7.0,3.0,6.0,1.5,1.5,5.0,4.0
2018-04-16,7.0,3.0,6.0,1.5,1.5,5.0,4.0
2018-04-17,7.0,3.0,4.5,1.5,1.5,4.5,6.0
2018-04-18,7.0,3.0,4.5,1.5,1.5,4.5,6.0
2018-04-19,7.0,3.0,4.5,1.5,1.5,4.5,6.0
2018-04-20,7.0,3.0,4.5,1.5,1.5,4.5,6.0
2018-04-23,7.0,3.0,5.5,1.5,1.5,4.0,5.5
2018-04-24,7.0,3.0,5.5,1.5,1.5,4.0,5.5
2018-04-25,7.0,3.0,5.5,1.5,1.5,4.0,5.5
2018-04-26,7.0,4.5,6.0,1.5,1.5,4.5,3.0
2018-04-27,7.0,4.5,6.0,1.5,1.5,4.5,3.0
2018-04-30,7.0,5.0,5.0,1.5,1.5,5.0,3.0
2018-05-01,7.0,5.0,5.0,1.5,1.5,5.0,3.0
2018-05-02,7.0,4.5,4.5,1.5,1.5,4.5,4.5
2018-05-03,7.0,4.5,3.0,1.5,1.5,6.0,4.5
2018-05-04,7.0,4.5,3.0,1.5,1.5,6.0,4.5
2018-05-07,7.0,4.5,3.0,1.5,1.5,6.0,4.5
2018-05-08,7.0,4.5,4.5,1.5,1.5,4.5,4.5
2018-05-09,7.0,4.5,4.5,1.5,1.5,4.5,4.5
2018-05-10,7.0,3.5,3.5,1.5,1.5,5.5,5.5
2018-05-11,7.0,3.5,3.5,1.5,1.5,5.5,5.5
2018-05-14,6.0,1.0,3.0,2.0,7.0,5.0,4.0
2018-05-15,4.5,1.0,3.0,2.0,7.0,6.0,4.5
2018-05-16,4.5,1.0,3.0,2.0,7.0,6.0,4.5
2018-05-17,4.5,1.0,3.0,2.0,7.0,6.0,4.5
2018-05-18,4.5,1.0,3.0,2.0,7.0,6.0,4.5
2018-05-21,6.0,1.0,4.0,2.0,7.0,3.0,5.0
2018-05-22,6.0,5.0,3.0,2.0,7.0,4.0,1.0
2018-05-23,6.0,4.0,5.0,2.0,7.0,3.0,1.0
2018-05-24,6.0,4.5,4.5,2.0,7.0,3.0,1.0
2018-05-25,6.0,4.5,4.5,2.0,7.0,3.0,1.0
2018-05-29,6.0,5.0,3.0,2.0,7.0,4.0,1.0
2018-05-30,6.0,5.0,3.0,2.0,7.0,4.0,1.0
2018-05-31,6.0,5.0,3.0,2.0,7.0,4.0,1.0
2018-06-01,6.0,4.0,3.0,2.0,7.0,5.0,1.0
2018-06-04,6.0,4.0,3.0,2.0,7.0,5.0,1.0
2018-06-05,6.0,4.0,3.0,2.0,7.0,5.0,1.0
2018-06-06,6.0,4.0,3.0,1.5,7.0,5.0,1.5
2018-06-07,6.0,4.0,3.0,1.5,7.0,5.0,1.5
2018-06-08,6.0,4.0,3.0,1.5,7.0,5.0,1.5
2018-06-11,6.0,4.0,3.0,1.5,7.0,5.0,1.5
2018-06-12,6.0,4.0,3.0,1.5,7.0,5.0,1.5
2018-06-13,6.0,4.0,3.0,1.5,7.0,5.0,1.5
2018-06-14,6.0,4.0,3.0,1.5,7.0,5.0,1.5
2018-06-15,6.0,4.0,3.0,1.5,7.0,5.0,1.5
2018-06-18,6.0,4.0,3.0,1.5,7.0,5.0,1.5
2018-06-19,6.0,4.0,3.0,1.5,7.0,5.0,1.5
2018-06-20,6.0,4.5,3.0,1.0,7.0,4.5,2.0
2018-06-21,5.5,4.0,3.0,1.0,7.0,5.5,2.0
2018-06-22,5.5,4.0,3.0,1.0,7.0,5.5,2.0
2018-06-25,5.5,4.0,3.0,1.0,7.0,5.5,2.0
2018-06-26,5.5,4.0,3.0,1.0,7.0,5.5,2.0
2018-06-27,5.5,4.0,3.0,1.0,7.0,5.5,2.0
2018-06-28,5.5,4.0,3.0,1.0,7.0,5.5,2.0
2018-06-29,5.5,4.0,3.0,1.0,7.0,5.5,2.0
2018-07-02,5.5,4.0,3.0,1.0,7.0,5.5,2.0
2018-07-03,5.5,4.0,3.0,1.0,7.0,5.5,2.0
2018-07-05,6.0,4.0,3.0,1.0,7.0,5.0,2.0
2018-07-06,7.0,3.5,3.5,1.0,5.0,6.0,2.0
2018-07-09,5.5,4.0,3.0,1.0,7.0,5.5,2.0
2018-07-10,6.0,4.5,3.0,1.0,7.0,4.5,2.0
2018-07-11,6.0,4.0,3.0,1.5,7.0,5.0,1.5
2018-07-12,6.0,1.0,3.0,2.0,7.0,4.5,4.5
2018-07-13,6.0,1.0,3.0,2.0,7.0,4.5,4.5
2018-07-16,6.0,1.0,3.0,2.0,7.0,4.5,4.5
2018-07-17,6.0,1.0,3.0,2.0,7.0,4.5,4.5
2018-07-18,6.0,1.0,3.0,2.0,7.0,4.5,4.5
2018-07-19,6.0,1.0,3.0,2.0,7.0,4.5,4.5
2018-07-20,6.0,1.0,3.0,2.0,7.0,4.5,4.5
2018-07-23,6.0,1.0,3.0,2.0,7.0,4.5,4.5
2018-07-24,6.0,1.0,3.0,2.0,7.0,4.5,4.5
2018-07-25,6.0,1.0,3.0,2.0,7.0,4.5,4.5
2018-07-26,6.0,1.0,3.0,2.0,7.0,4.5,4.5
2018-07-27,6.0,1.0,3.0,2.0,7.0,4.5,4.5
2018-07-30,6.0,1.0,3.0,2.0,7.0,4.5,4.5
2018-07-31,6.0,1.0,3.0,2.0,7.0,4.5,4.5
2018-08-01,6.0,1.0,3.0,2.0,7.0,4.5,4.5
2018-08-02,6.0,1.0,3.0,2.0,7.0,4.5,4.5
2018-08-03,6.0,1.0,3.0,2.0,7.0,4.5,4.5
2018-08-06,6.0,1.0,3.0,2.0,7.0,4.5,4.5
2018-08-07,6.0,1.0,3.0,2.0,7.0,4.5,4.5
2018-08-08,6.0,1.0,3.0,2.0,7.0,4.5,4.5
2018-08-09,6.0,1.0,3.0,2.0,7.0,4.5,4.5
2018-08-10,6.0,1.0,3.0,2.0,7.0,4.5,4.5
2018-08-13,6.0,1.0,3.0,2.0,7.0,4.5,4.5
2018-08-14,6.0,1.0,3.0,2.0,7.0,4.5,4.5
2018-08-15,6.0,1.0,3.0,2.0,7.0,4.5,4.5
2018-08-16,6.0,1.0,3.0,2.0,7.0,4.5,4.5
2018-08-17,6.0,1.0,3.0,2.0,7.0,4.5,4.5
2018-08-20,6.0,1.5,3.0,1.5,7.0,4.0,5.0
2018-08-21,5.5,1.5,3.0,1.5,7.0,5.5,4.0
2018-08-22,5.5,1.5,3.0,1.5,7.0,5.5,4.0
2018-08-23,5.5,1.5,3.0,1.5,7.0,5.5,4.0
2018-08-24,7.0,1.5,3.0,1.5,4.5,6.0,4.5
2018-08-27,7.0,1.5,3.0,1.5,4.5,6.0,4.5
2018-08-28,7.0,1.5,3.0,1.5,4.5,6.0,4.5
2018-08-29,7.0,1.5,3.0,1.5,4.5,6.0,4.5
2018-08-30,5.5,1.5,3.0,1.5,7.0,5.5,4.0
2018-08-31,5.5,1.5,3.0,1.5,7.0,5.5,4.0
2018-09-04,6.0,2.0,1.0,4.0,7.0,4.0,4.0
2018-09-05,6.0,3.0,1.0,4.5,7.0,4.5,2.0
2018-09-06,3.5,3.5,1.0,6.0,7.0,5.0,2.0
2018-09-07,4.5,3.0,1.0,6.0,7.0,4.5,2.0
2018-09-10,5.0,3.0,1.5,6.0,7.0,4.0,1.5
2018-09-11,5.0,3.0,1.5,6.0,7.0,4.0,1.5
2018-09-12,4.0,3.0,1.5,5.0,7.0,6.0,1.5
2018-09-13,4.0,5.5,1.0,5.5,2.0,7.0,3.0
2018-09-14,4.0,5.5,1.0,5.5,2.0,7.0,3.0
2018-09-17,4.0,3.0,1.5,5.0,7.0,6.0,1.5
2018-09-18,5.0,3.0,1.5,6.0,7.0,4.0,1.5
2018-09-19,6.0,3.0,1.5,4.5,7.0,4.5,1.5
2018-09-20,5.0,3.0,1.0,5.0,7.0,5.0,2.0
2018-09-21,1.5,3.5,3.5,5.5,7.0,5.5,1.5
2018-09-24,1.5,3.5,3.5,5.5,7.0,5.5,1.5
2018-09-25,1.0,5.0,3.0,5.0,7.0,5.0,2.0
2018-09-26,1.0,4.5,3.0,4.5,7.0,6.0,2.0
2018-09-27,4.0,4.0,6.0,4.0,1.5,7.0,1.5
2018-09-28,3.0,7.0,5.0,1.0,2.0,6.0,4.0
2018-10-01,3.0,5.5,5.5,1.0,2.0,7.0,4.0
2018-10-02,3.0,5.5,5.5,1.0,2.0,7.0,4.0
2018-10-03,3.5,5.5,5.5,1.5,1.5,7.0,3.5
2018-10-04,3.5,5.5,5.5,1.5,1.5,7.0,3.5
2018-10-05,3.5,5.5,5.5,1.5,1.5,7.0,3.5
2018-10-08,3.5,5.5,5.5,1.5,1.5,7.0,3.5
2018-10-09,3.5,5.5,5.5,1.5,1.5,7.0,3.5
2018-10-10,3.5,5.5,5.5,1.5,1.5,7.0,3.5
2018-10-11,3.5,5.5,5.5,1.5,1.5,7.0,3.5
2018-10-12,3.5,5.5,5.5,1.5,1.5,7.0,3.5
2018-10-15,3.5,5.5,5.5,1.5,1.5,7.0,3.5
2018-10-16,3.5,5.5,5.5,1.5,1.5,7.0,3.5
2018-10-17,3.5,5.5,5.5,1.5,1.5,7.0,3.5
2018-10-18,3.5,5.5,5.5,1.5,1.5,7.0,3.5
2018-10-19,3.5,5.5,5.5,1.5,1.5,7.0,3.5
2018-10-22,3.5,5.5,5.5,1.5,1.5,7.0,3.5
2018-10-23,3.5,5.5,5.5,1.5,1.5,7.0,3.5
2018-10-24,3.5,5.5,5.5,1.5,1.5,7.0,3.5
2018-10-25,3.5,5.5,5.5,1.5,1.5,7.0,3.5
2018-10-26,4.0,6.0,4.0,1.5,1.5,7.0,4.0
2018-10-29,4.5,6.5,3.0,1.5,1.5,6.5,4.5
2018-10-30,4.0,6.5,1.0,2.5,2.5,6.5,5.0
2018-10-31,4.0,6.5,1.0,2.5,2.5,6.5,5.0
2018-11-01,4.0,6.5,1.0,2.5,2.5,6.5,5.0
2018-11-02,4.0,6.5,1.0,2.5,2.5,6.5,5.0
2018-11-05,4.0,6.5,1.0,2.5,2.5,6.5,5.0
2018-11-06,4.0,6.5,1.0,2.5,2.5,6.5,5.0
2018-11-07,4.0,6.5,1.0,2.5,2.5,6.5,5.0
2018-11-08,4.0,6.5,1.0,2.5,2.5,6.5,5.0
2018-11-09,4.0,7.0,1.0,2.5,2.5,5.0,6.0
2018-11-12,4.0,7.0,1.0,2.5,2.5,5.0,6.0
2018-11-13,4.0,7.0,1.0,2.5,2.5,5.0,6.0
2018-11-14,4.5,7.0,1.0,2.5,2.5,4.5,6.0
2018-11-15,5.0,6.0,4.0,1.5,1.5,3.0,7.0
2018-11-16,4.5,6.0,3.0,1.5,1.5,4.5,7.0
2018-11-19,4.5,6.0,3.0,1.5,1.5,4.5,7.0
2018-11-20,4.0,6.0,4.0,1.5,1.5,4.0,7.0
2018-11-21,4.0,6.0,4.0,1.5,1.5,4.0,7.0
2018-11-23,4.0,6.0,4.0,1.5,1.5,4.0,7.0
2018-11-26,4.0,6.0,4.0,1.5,1.5,4.0,7.0
2018-11-27,4.0,6.0,4.0,1.5,1.5,4.0,7.0
2018-11-28,4.0,6.0,4.0,1.5,1.5,4.0,7.0
2018-11-29,4.0,6.0,4.0,1.5,1.5,4.0,7.0
2018-11-30,3.0,6.0,4.5,1.5,1.5,4.5,7.0
2018-12-03,3.0,6.0,4.5,1.5,1.5,4.5,7.0
2018-12-04,1.0,6.0,4.0,2.5,2.5,5.0,7.0
2018-12-06,1.0,5.0,4.0,2.5,2.5,6.0,7.0
2018-12-07,1.0,5.0,4.0,2.5,2.5,6.0,7.0
2018-12-10,1.0,5.0,4.0,2.5,2.5,6.0,7.0
2018-12-11,1.0,5.0,4.0,2.5,2.5,6.0,7.0
2018-12-12,1.0,5.0,4.0,2.5,2.5,6.0,7.0
2018-12-13,1.0,5.0,4.0,2.5,2.5,6.0,7.0
2018-12-14,4.5,3.0,4.5,1.5,1.5,7.0,6.0
2018-12-17,5.0,3.0,4.0,1.5,1.5,6.0,7.0
2018-12-18,5.0,3.0,4.0,1.5,1.5,6.0,7.0
2018-12-19,5.0,3.0,4.0,1.5,1.5,6.0,7.0
2018-12-20,5.0,3.0,4.0,1.5,1.5,6.0,7.0
2018-12-21,5.0,3.0,4.0,1.5,1.5,6.0,7.0
2018-12-24,5.5,5.5,3.5,1.5,1.5,7.0,3.5
2018-12-26,5.5,5.5,3.5,1.5,1.5,7.0,3.5
2018-12-27,5.5,5.5,3.5,1.5,1.5,7.0,3.5
2018-12-28,5.5,5.5,3.5,1.5,1.5,7.0,3.5
2018-12-31,5.5,5.5,3.5,1.5,1.5,7.0,3.5
2019-01-02,5.5,5.5,3.5,1.5,1.5,7.0,3.5
2019-01-03,5.5,5.5,3.5,1.5,1.5,7.0,3.5
2019-01-04,5.5,5.5,3.5,1.5,1.5,7.0,3.5
2019-01-07,5.5,5.5,3.5,1.5,1.5,7.0,3.5
2019-01-08,5.5,5.5,3.5,1.5,1.5,7.0,3.5
2019-01-09,6.0,7.0,4.0,1.5,1.5,4.0,4.0
2019-01-10,6.0,7.0,4.0,1.5,1.5,4.0,4.0
2019-01-11,6.0,7.0,4.0,1.5,1.5,4.0,4.0
2019-01-14,6.0,7.0,4.0,1.5,1.5,4.0,4.0
2019-01-15,6.0,7.0,3.0,1.5,1.5,4.5,4.5
2019-01-16,6.0,7.0,3.0,1.5,1.5,4.5,4.5
2019-01-17,6.0,7.0,3.0,1.5,1.5,4.5,4.5
2019-01-18,6.0,7.0,3.0,1.5,1.5,4.5,4.5
2019-01-22,6.0,7.0,3.0,1.5,1.5,4.5,4.5
2019-01-23,6.0,7.0,3.0,1.5,1.5,4.5,4.5
2019-01-24,6.0,7.0,3.0,1.5,1.5,4.5,4.5
2019-01-25,6.0,7.0,3.0,1.5,1.5,4.5,4.5
2019-01-28,4.0,7.0,6.0,1.5,1.5,4.0,4.0
2019-01-29,4.0,7.0,6.0,1.5,1.5,4.0,4.0
2019-01-30,4.0,7.0,6.0,1.5,1.5,4.0,4.0
2019-01-31,4.0,7.0,6.0,1.5,1.5,4.0,4.0
2019-02-01,4.0,7.0,6.0,1.5,1.5,4.0,4.0
2019-02-04,4.0,7.0,6.0,1.5,1.5,4.0,4.0
2019-02-05,4.0,7.0,6.0,1.5,1.5,4.0,4.0
2019-02-06,4.0,7.0,6.0,1.5,1.5,4.0,4.0
2019-02-07,4.0,7.0,6.0,1.5,1.5,4.0,4.0
2019-02-08,4.0,7.0,6.0,1.5,1.5,4.0,4.0
2019-02-11,4.0,7.0,6.0,1.5,1.5,4.0,4.0
2019-02-12,4.0,7.0,6.0,1.5,1.5,4.0,4.0
2019-02-13,4.0,7.0,6.0,1.5,1.5,4.0,4.0
2019-02-14,4.0,7.0,6.0,1.5,1.5,4.0,4.0
2019-02-15,4.0,7.0,6.0,1.5,1.5,4.0,4.0
2019-02-19,4.0,7.0,6.0,1.5,1.5,4.0,4.0
2019-02-20,4.0,7.0,6.0,1.5,1.5,4.0,4.0
2019-02-21,4.0,7.0,6.0,1.5,1.5,4.0,4.0
2019-02-22,4.0,7.0,6.0,1.5,1.5,4.0,4.0
2019-02-25,4.0,7.0,6.0,1.5,1.5,4.0,4.0
2019-02-26,4.0,7.0,6.0,1.5,1.5,4.0,4.0
2019-02-27,4.0,7.0,6.0,1.5,1.5,4.0,4.0
2019-02-28,4.0,7.0,6.0,1.5,1.5,4.0,4.0
2019-03-01,3.5,7.0,6.0,2.0,1.0,3.5,5.0
2019-03-04,3.0,7.0,5.5,2.0,1.0,5.5,4.0
2019-03-05,3.0,7.0,5.5,2.0,1.0,5.5,4.0
2019-03-06,3.0,7.0,5.5,2.0,1.0,5.5,4.0
2019-03-07,3.0,7.0,5.5,2.0,1.0,5.5,4.0
2019-03-08,4.0,7.0,5.0,1.5,6.0,3.0,1.5
2019-03-11,4.5,6.0,7.0,1.5,4.5,3.0,1.5
2019-03-12,4.0,7.0,6.0,1.5,5.0,3.0,1.5
2019-03-13,6.5,6.5,5.0,4.0,1.0,3.0,2.0
2019-03-14,5.0,7.0,6.0,4.0,1.0,3.0,2.0
2019-03-15,5.0,7.0,6.0,4.0,1.0,3.0,2.0
2019-03-18,3.5,6.0,5.0,7.0,1.0,3.5,2.0
2019-03-19,3.5,6.0,5.0,7.0,1.0,3.5,2.0
2019-03-20,1.0,3.5,6.0,7.0,3.5,5.0,2.0
2019-03-21,3.0,4.0,6.0,7.0,1.0,5.0,2.0
2019-03-22,3.0,4.0,6.0,7.0,1.0,5.0,2.0
2019-03-25,1.0,3.5,6.0,7.0,3.5,5.0,2.0
2019-03-26,1.0,3.5,6.0,7.0,3.5,5.0,2.0
2019-03-27,3.0,4.0,6.0,7.0,1.0,5.0,2.0
2019-03-28,3.0,4.0,6.0,7.0,1.0,5.0,2.0
2019-03-29,1.0,4.0,4.0,7.0,4.0,6.0,2.0
2019-04-01,1.0,4.0,4.0,7.0,4.0,6.0,2.0
2019-04-02,1.0,4.0,4.0,7.0,4.0,6.0,2.0
2019-04-03,1.0,4.0,3.0,7.0,6.0,5.0,2.0
2019-04-04,1.0,4.0,3.0,7.0,6.0,5.0,2.0
2019-04-05,3.0,4.5,4.5,7.0,1.5,6.0,1.5
2019-04-08,3.0,4.5,4.5,7.0,1.5,6.0,1.5
2019-04-09,3.0,4.5,4.5,7.0,1.5,6.0,1.5
2019-04-10,3.0,4.5,4.5,7.0,1.5,6.0,1.5
2019-04-11,3.0,4.5,4.5,7.0,1.5,6.0,1.5
2019-04-12,3.0,4.5,4.5,7.0,1.5,6.0,1.5
2019-04-15,3.0,4.5,4.5,7.0,1.5,6.0,1.5
2019-04-16,3.0,5.0,5.0,7.0,1.5,5.0,1.5
2019-04-17,3.5,3.5,5.5,7.0,1.5,5.5,1.5
2019-04-18,3.5,3.5,5.5,7.0,1.5,5.5,1.5
2019-04-22,6.0,4.0,3.0,7.0,2.0,5.0,1.0
2019-04-23,6.0,4.0,3.0,7.0,2.0,5.0,1.0
2019-04-24,6.0,4.0,3.0,7.0,2.0,5.0,1.0
2019-04-25,6.0,4.0,3.0,7.0,2.0,5.0,1.0
2019-04-26,6.0,4.0,3.0,7.0,2.0,5.0,1.0
2019-04-29,6.0,4.0,3.0,7.0,2.0,5.0,1.0
2019-04-30,6.0,4.0,3.0,7.0,2.0,5.0,1.0
2019-05-01,5.5,3.5,3.5,7.0,2.0,5.5,1.0
2019-05-02,5.5,3.5,3.5,7.0,2.0,5.5,1.0
2019-05-03,6.0,3.0,4.5,7.0,2.0,4.5,1.0
2019-05-06,6.0,3.0,4.5,7.0,2.0,4.5,1.0
2019-05-07,6.0,3.0,4.5,7.0,2.0,4.5,1.0
2019-05-08,6.0,3.0,4.5,7.0,2.0,4.5,1.0
2019-05-09,6.0,3.0,4.5,7.0,2.0,4.5,1.0
2019-05-10,6.0,3.0,4.5,7.0,2.0,4.5,1.0
2019-05-13,6.0,3.0,4.5,7.0,2.0,4.5,1.0
2019-05-14,6.0,3.0,4.5,7.0,2.0,4.5,1.0
2019-05-15,5.0,3.0,4.0,7.0,2.0,6.0,1.0
2019-05-16,5.5,5.5,3.0,4.0,2.0,7.0,1.0
2019-05-17,5.5,5.5,3.5,1.5,1.5,7.0,3.5
2019-05-20,5.5,5.5,3.5,1.5,1.5,7.0,3.5
2019-05-21,5.5,5.5,3.5,1.5,1.5,7.0,3.5
2019-05-22,5.5,5.5,3.5,1.5,1.5,7.0,3.5
2019-05-23,5.5,5.5,3.5,1.5,1.5,7.0,3.5
2019-05-24,5.5,5.5,3.5,1.5,1.5,7.0,3.5
2019-05-28,5.5,5.5,3.5,1.5,1.5,7.0,3.5
2019-05-29,5.5,5.5,3.5,1.5,1.5,7.0,3.5
2019-05-30,5.5,5.5,3.5,1.5,1.5,7.0,3.5
2019-05-31,5.5,5.5,3.5,1.5,1.5,7.0,3.5
2019-06-03,5.5,5.5,3.5,1.5,1.5,7.0,3.5
2019-06-04,5.5,5.5,3.5,1.5,1.5,7.0,3.5
2019-06-05,5.5,5.5,3.5,1.5,1.5,7.0,3.5
2019-06-06,6.0,7.0,3.0,1.5,1.5,4.5,4.5
2019-06-07,6.0,7.0,3.0,1.5,1.5,4.5,4.5
2019-06-10,7.0,6.0,3.0,1.5,1.5,5.0,4.0
2019-06-11,7.0,4.5,3.0,1.5,1.5,6.0,4.5
2019-06-12,7.0,5.0,3.0,1.5,1.5,5.0,5.0
2019-06-13,7.0,5.0,3.0,1.5,1.5,5.0,5.0
2019-06-14,7.0,5.5,3.5,1.5,1.5,5.5,3.5
2019-06-17,7.0,5.5,3.5,1.5,1.5,5.5,3.5
2019-06-18,7.0,5.5,3.5,1.5,1.5,5.5,3.5
2019-06-19,7.0,5.5,3.5,1.5,1.5,5.5,3.5
2019-06-20,7.0,5.5,3.5,1.5,1.5,5.5,3.5
2019-06-21,7.0,3.5,5.5,1.5,1.5,3.5,5.5
2019-06-24,7.0,3.5,6.0,1.5,1.5,3.5,5.0
2019-06-25,7.0,5.0,6.0,1.5,1.5,3.0,4.0
2019-06-26,7.0,5.0,6.0,1.5,1.5,3.0,4.0
2019-06-27,7.0,5.0,6.0,1.5,1.5,3.0,4.0
2019-06-28,7.0,4.0,6.0,1.5,1.5,3.0,5.0
2019-07-01,7.0,4.0,6.0,1.5,1.5,3.0,5.0
2019-07-02,7.0,5.5,5.5,1.5,1.5,3.5,3.5
2019-07-03,7.0,6.0,4.0,1.5,1.5,5.0,3.0
2019-07-05,7.0,6.0,4.0,1.5,1.5,5.0,3.0
2019-07-08,7.0,6.0,4.0,1.5,1.5,5.0,3.0
2019-07-09,7.0,6.0,4.0,1.5,1.5,5.0,3.0
2019-07-10,7.0,5.5,3.5,1.5,1.5,5.5,3.5
2019-07-11,7.0,5.5,3.5,1.5,1.5,5.5,3.5
2019-07-12,7.0,5.5,3.5,1.5,1.5,5.5,3.5
2019-07-15,7.0,5.5,3.5,1.5,1.5,5.5,3.5
2019-07-16,7.0,5.5,3.5,1.5,1.5,5.5,3.5
2019-07-17,7.0,5.5,3.5,1.5,1.5,5.5,3.5
2019-07-18,7.0,3.0,5.0,2.0,6.0,4.0,1.0
2019-07-19,6.0,3.5,3.5,2.0,7.0,5.0,1.0
2019-07-22,6.0,3.5,3.5,2.0,7.0,5.0,1.0
2019-07-23,6.0,3.5,3.5,2.0,7.0,5.0,1.0
2019-07-24,7.0,3.0,5.0,2.0,5.0,5.0,1.0
2019-07-25,7.0,3.0,5.0,2.0,5.0,5.0,1.0
2019-07-26,7.0,3.0,4.5,1.5,6.0,4.5,1.5
2019-07-29,7.0,3.0,5.0,5.0,2.0,5.0,1.0
2019-07-30,7.0,3.0,5.0,5.0,2.0,5.0,1.0
2019-07-31,7.0,3.0,5.0,5.0,2.0,5.0,1.0
2019-08-01,7.0,3.0,5.0,5.0,2.0,5.0,1.0
2019-08-02,7.0,3.0,5.0,5.0,2.0,5.0,1.0
2019-08-05,7.0,3.0,5.0,5.0,2.0,5.0,1.0
2019-08-06,7.0,3.0,5.0,5.0,2.0,5.0,1.0
2019-08-07,7.0,3.0,5.0,5.0,2.0,5.0,1.0
2019-08-08,7.0,3.0,6.0,4.5,2.0,4.5,1.0
2019-08-09,7.0,3.0,6.0,4.5,2.0,4.5,1.0
2019-08-12,7.0,3.0,6.0,4.5,2.0,4.5,1.0
2019-08-13,7.0,3.0,6.0,4.5,2.0,4.5,1.0
2019-08-14,7.0,4.0,6.0,4.0,2.0,4.0,1.0
2019-08-15,7.0,4.0,6.0,4.0,2.0,4.0,1.0
2019-08-16,7.0,4.0,6.0,4.0,2.0,4.0,1.0
2019-08-19,7.0,4.0,6.0,4.0,2.0,4.0,1.0
2019-08-20,7.0,4.5,6.0,4.5,2.0,3.0,1.0
2019-08-21,7.0,4.0,6.0,4.0,2.0,4.0,1.0
2019-08-22,7.0,4.0,6.0,4.0,2.0,4.0,1.0
2019-08-23,7.0,4.0,6.0,4.0,2.0,4.0,1.0
2019-08-26,7.0,4.0,6.0,4.0,2.0,4.0,1.0
2019-08-27,5.0,6.0,7.0,3.5,2.0,3.5,1.0
2019-08-28,4.0,6.0,7.0,3.0,2.0,5.0,1.0
2019-08-29,4.0,5.5,7.0,3.0,2.0,5.5,1.0
2019-08-30,1.5,7.0,4.0,4.0,1.5,6.0,4.0
2019-09-03,5.0,7.0,1.0,3.5,2.0,6.0,3.5
2019-09-04,5.0,7.0,1.0,3.5,2.0,6.0,3.5
2019-09-05,4.0,5.5,1.0,3.0,2.0,5.5,7.0
2019-09-06,4.0,5.5,1.0,3.0,2.0,5.5,7.0
2019-09-09,4.0,5.5,1.0,3.0,2.0,5.5,7.0
2019-09-10,4.0,5.5,1.0,3.0,2.0,5.5,7.0
2019-09-11,4.0,5.5,1.0,3.0,2.0,5.5,7.0
2019-09-12,4.0,5.5,1.0,3.0,2.0,5.5,7.0
2019-09-13,4.0,5.5,1.0,3.0,2.0,5.5,7.0
2019-09-16,4.0,5.5,1.0,3.0,2.0,5.5,7.0
2019-09-17,4.0,5.5,1.0,3.0,2.0,5.5,7.0
2019-09-18,4.0,5.5,1.0,3.0,2.0,5.5,7.0
2019-09-19,4.0,5.5,1.0,3.0,2.0,5.5,7.0
2019-09-20,4.0,5.5,1.0,3.0,2.0,5.5,7.0
2019-09-23,4.0,5.5,1.0,3.0,2.0,5.5,7.0
2019-09-24,4.0,5.5,1.0,3.0,2.0,5.5,7.0
2019-09-25,4.0,5.5,1.0,3.0,2.0,5.5,7.0
2019-09-26,4.0,5.5,1.0,3.0,2.0,5.5,7.0
2019-09-27,4.0,5.5,1.0,3.0,2.0,5.5,7.0
2019-09-30,4.0,5.5,1.0,3.0,2.0,5.5,7.0
2019-10-01,4.0,5.5,1.0,3.0,2.0,5.5,7.0
2019-10-02,4.0,5.5,1.0,3.0,2.0,5.5,7.0
2019-10-03,4.0,5.5,1.0,3.0,2.0,5.5,7.0
2019-10-04,7.0,3.0,1.0,4.0,2.0,5.0,6.0
2019-10-07,7.0,3.0,1.0,4.0,2.0,5.0,6.0
2019-10-08,7.0,3.0,1.0,4.0,2.0,5.0,6.0
